Operator Name,Operator ID,Total Inspections,Fact_SK
ROY_K._DAVIS_BUS,5001,157,1
R_&_R_TRANSPORTATION,5003,4,2
RS_BUS_COMPANY,5004,1,3
RYE_YMCA,5010,3,4
SACHEM_CENTRAL_SCHOOL_DIST.,5012,84,5
SACKETS_HARBOR_CENTRAL_SCHOOL,5013,26,6
"SAFE_EXPESS_TRANSPORTATION,_INC",5018,1,7
SAG_HARBOR_U.F.S.D.,5019,25,8
SAINT_ANTHONY_OF_PADUA_CHURCH,5020,2,9
SAINT_IGNATIUS_SCHOOL,5021,1,10
SALESIAN_HIGH_SCHOOL,5024,5,11
SALS_LIMOUSINE_INC.,5027,2,12
SALVATION_DELIVERANCE_CHURCH,5029,1,13
SAMARITAN_HOSPITAL,5030,4,14
SAMARITIAN_KEEP_HOME,5031,21,15
SAMERIC_TOURS,5032,2,16
"S_AND_T_VAN_EXPRESS,_INC",5035,5,17
S_AND_W_TOURS_&_CHARTERS_LLC,5036,6,18
SANDY_CREEK_CENTRAL_SCHOOL,5037,54,19
SANTO_DOMINGO_BUS_SERVICE_INC,5038,4,20
SARATOGA_ACADEMY,5041,1,21
SARATOGA/WARREN_CO._BOCES,5045,9,22
SAUGERTIES_CENTRAL_SCHOOL,5047,2,23
SCARLET_TOURS_INC.,5051,1,24
SCARSDALE_VETERERANS/CAMELOT_LIMO,5053,2,25
SCH_DST.OF_CITY_OF_NIA._FALLS,5055,3,26
SCHENECTADY_DAY_NURSERY,5058,3,27
SCHENEVUS_CENTRAL_SCHOOL,5059,24,28
SCHOHARIE_CO._HEADSTART,5062,10,29
SCHOHARIE_COUNTY,5064,14,30
SCOTTYS_BUS_&_VAN_SERVICE,5072,1,31
SENECA_&_CAYUGA_CO_CHAPTER_NYS_ARC,5077,8,32
SENECA_FALLS_C._SCHOOL,5078,64,33
SENECA_NURSING_HOME,5080,8,34
SENIOR_SVC_CTR_ALBANY_AREA,5083,1,35
SETH_TRANSPORTATION_INC.,5088,3,36
SETON_CATHOLIC_CENTRAL_SCHOOL,5089,8,37
SHARON_SPRINGS_CENTRAL_SCHOOL,5095,24,38
SHIBLEY_SUMMER_DAY_CAMP,5100,4,39
SHOLOM_SHOLOM_INC,5102,6,40
SHUFFLES_LIMOUSINE_SERVICE_INC,5104,4,41
SILVER_CREEK_CENTRAL_SCHOOL,5109,63,42
SILVER_EXPRESS,5110,10,43
SIMCHA_BUS_CORP.,5113,2,44
S_&_L_TRANSPORTATION_INC.,5119,1,45
SMARTY_PANTS_TRANSPORTATION,5123,4,46
SNYDER_TRANSPORTATION,5125,87,47
SOE_TOUR_INC,5127,2,48
SOLOMON_SCHECHTER_SCH_OF_WESTCHESTR,5128,4,49
SOUND_SHORE_AMBULETTE_CORP.,5130,3,50
SOUTH_BRONX_HEAD_START,5132,2,51
SOUTH_COLONIE_CENTRAL_SCHOOL,5133,155,52
SOUTH_EAST_CORSORTIUM,5134,4,53
SOUTHERN_CAYUGA_CEN._SCH.,5135,45,54
SOUTH_JEFFERSON_CENTRAL_SCHOOL,5140,95,55
SOUTH_KORTRIGHT_CENTRAL_SCHOOL,5141,34,56
SOUTH_SENECA_CENTRAL_SCHOOL,5144,40,57
SOUTH_SHORE_COUNTRY_DAY_SCHOOL,5145,20,58
SPARK_TRANSPORTATION,5149,2,59
SPICE_AMERICAN_BUS_SERVICE_AND_TOUR,5153,2,60
SPIEGEL_LIMOUSINE_CORP,5154,4,61
SPINKA_TRANSPORTATION,5155,9,62
STAMFORD_CENTRAL_SCHOOL,5162,30,63
ST._ANTHONYS_HS,5165,23,64
STARLIGHT_AMBULETTE_INC,5169,32,65
STAR_LITE_1_TRANSPORTATION_CORP,5171,4,66
STARRETT_AMBULETTE_INC,5172,3,67
STARRZ_LUXURY_TRAVEL,5173,4,68
STAR_TAG_INC,5175,9,69
STAR_TOUCH_LUXURY,5176,49,70
STAR_TRAVEL_AND_TOURS,5177,9,71
STATEN_ISLAND_ACADEMY,5178,2,72
STATUS_LIMOUSINE_CORP.,5180,16,73
ST._DOMINIC_R_C_C,5182,18,74
ST_EDMUND_PREP_HIGH_SCHOOL,5183,2,75
STEPHANIES'_SCHOOL_BUS,5184,8,76
ST._HELENA_SCHOOL,5191,1,77
ST._JOHNSVILLE_CENTRAL_SCHOOL,5193,3,78
ST._JOHN_THE_BAPTIST_DIOCESAN_H.S.,5194,11,79
ST._JOSEPH'S_COLLEGIATE_INSTIT,5197,6,80
ST._LAWRENCE_CO._CDP,5199,35,81
ST._MARYS_BALDWINSVILLE,5201,2,82
ST._MARYS_H.S.,5202,17,83
ST._MARY'S_RC_CHURCH,5203,2,84
ST._MARY'S_SCHOOL_FOR_THE_DEAF,5204,13,85
ST._MATTHEWS_DAY_CARE_CTR.,5205,2,86
ST_PAUL_CHURCH,5208,2,87
ST._PAULS_CHURCH,5209,2,88
ST._REGIS_MOHAWK_HEADSTART,5212,6,89
"SUBURBAN_PARATRANSIT_SERV,_IN",5217,175,90
SUBURBAN_TRAILS,5218,26,91
SUFFOLK_BUS_CORP.,5222,19,92
SULLIVAN_COUNTY_HEADSTART,5227,14,93
SULLIVAN_PARAMEDICINE_INC.,5228,7,94
SUNNY_TRAIL_INC,5232,10,95
SUNSHINE_LIMOUSINE_LTD,5237,9,96
SUPER_BUS_INC,5239,10,97
SUPERIOR_SCHOOL_BUS,5241,4,98
SUPREME_TOURS,5244,2,99
SWIFT_RIVER_TRANSPORT_LTD,5248,11,100
"SYRACUSE_REGIONAL_AIRPORT_TAXI,_INC",5249,3,101
TAKAHASHI_INTERNATIONAL_INC,5251,1,102
TALMUD_TORAH_DNITRA,5253,15,103
TALMUD_TORAH_TASHBAR,5257,1,104
TALMUD_TORAH_TOLDOS_YAKOV_YOSEF,5258,1,105
TALMUD_TORAH_YESHUOS_MOSHE_WIZNITZ,5259,2,106
TAPESTRY_CHARTER_SCHOOL,5262,2,107
TAPPED_ENTERPRISES_INCORPORATED,5263,2,108
TBT_LIMOUSINE_SERVICE,5266,3,109
T.D.M._EXPRESS_INC.,5270,6,110
"THEA_BOWMAN_HOUSE,INC.",5277,3,111
THE_ALBANY_ACADEMICS,5278,4,112
THE_DWIGHT_SCHOOL,5283,2,113
THE_HAPPY_MONTESORI_SCHOOL,5286,4,114
THE_KEW-FOREST_SCHOOL_INC.,5289,4,115
THE_KNOX_SCHOOL,5291,6,116
THE_NICHOLS_SCHOOL,5295,4,117
"THE_NURTURING_CENTER,_INC.",5296,1,118
THEODORE_PAYNE,5297,3,119
THE_ONLY_WAY_TO_RIDE_INC,5298,3,120
THE_PARK_SCHOOL_OF_BUFFALO,5299,2,121
THERESA_WILSON,5300,2,122
THE_SALVATION_ARMY_INC.,5301,2,123
THE_SILVERSTIEN_HEBREW_ACADEMY,5302,2,124
TIMKEY_LIMOUSINE_COMPANY,5311,4,125
TIOGA_OPPORTUNITIES_PROGRAM_INC,5314,6,126
T.J._TRANS,5316,2,127
TLCH_LLC,5317,1,128
T.L.C_LIMOUSINE_CORP.,5319,2,129
TLC_OF_WNY,5322,4,130
TLC_TRANSPORTATION_LLC,5324,9,131
TODDLERS_WORK_SHOP,5328,2,132
TOMMY'S_SIGHTSEEING_TOURS,5330,1,133
TOMY_TOURS_OF_NY_CORP,5333,2,134
TONCHE_TRANSIT_INC.,5334,29,135
TOP_CLASS_LIMOUSINE_LTD.,5336,1,136
TOP_OF_THE_WORLD_LIMO_LTD,5339,2,137
TORAH_ACADEMY_FOR_GIRLS,5340,4,138
TORAH_FOR_SPECIAL_CHILDREN,5341,2,139
TOTAL_SIGHTSEEING_LLC,5343,3,140
TOTS_INC.,5344,1,141
TOT'S_LEARNING_CENTER,5345,2,142
TOUCH_OF_CLASS_&_COACH_INC.,5346,1,143
TOWN_BUS_LLC,5347,6,144
TOWNE_BUS_CORP._(PLAINVIEW),5354,125,145
TOWNE_BUS_LLC,5356,6,146
TOWN_OF_DEWITT,5357,1,147
TOWN_OF_WEBB_UNION_FREE_SCH._D,5358,26,148
T.P._OF_NEW_YORK_INC.,5360,18,149
TRANS_AMERICAN_TOURS,5363,2,150
TRANS_AMERICA_TRANSPORT_INC,5364,3,151
TRANSEAGLE_TRANSPORTATION_INC.,5366,1,152
TRANS_EXPRESS,5367,43,153
TRANSPO_BUS_SERVICES_LLC,5370,32,154
TRAVELPLAN_USA_INC,5374,1,155
TRINITY_INSTITUTION,5377,5,156
TRINITY_LUTHERAN_SCHOOL,5378,4,157
TRI_VALLEY_CENTRAL_SCHOOL,5381,3,158
TRUCK_KING_(BABYLON),5382,2,159
TRUCK_KING_INTERNATIONAL_BUS_SALES,5383,1,160
TT_BUS_TRANSPORT_CO_INC,5386,1,161
TTOM_INC,5387,1,162
"T.T.T.,INC______.",5389,8,163
TUMID_B'ESIMCHA_BUSES,5392,5,164
TUTOR_TIME_CHILD_CARE_LEARNING,5395,1,165
TUTOR_TIME-ECONOMIC_OPPORTUNITY_COU,5396,4,166
TUTOR_TIME_LEARNING_CENTER_LLC,5397,10,167
TUTOR_TIME_-_NEW_HYDE_PARK,5398,1,168
TUXEDO_PARK_SCHOOL,5399,2,169
TWIN_CITY_AMBULANCE,5402,2,170
TWO_LIONS_TOURS_INC,5405,1,171
TYA_TRANSPORTATION_INC.,5406,2,172
T_&_Z_PARTY_BUS,5408,6,173
ULSTER-GREENE_COUNTY_NYS_ARC,5411,4,174
ULTIMATE_CLASS_TRANSPORTATION_INC,5413,3,175
ULTIMATE_TOURS_LLC,5414,4,176
ULTRA_MEDICAL_TRANSPORT_INC,5415,6,177
U_&_ME__TRANSPORT_INC,5416,7,178
UNATEGO_CENTRAL_SCHOOL,5418,55,179
UNIONDALE_UFSD,5419,4,180
UNION_SPRINGS_ACADEMY,5422,2,181
UNION_SPRINGS_CEN._SCH.,5423,50,182
UNITED_AMBULETTE_INC.,5425,13,183
UNITED_BUS_LLC___________HOBOKEN,5428,10,184
"UNITED_COACH_LINES,_INC.",5429,17,185
UNITED_KID'S_TRANSPORTATION,5430,4,186
UNITED_LUBAVITAHER_YESHIVOTH,5431,4,187
"UNITED_TOM_TOM_TRANSPORTATION,_INC.",5435,3,188
UNITY_AMBULETTE_CORP.,5436,34,189
UNITY_HOUSE,5438,5,190
UNIVERSAL_AMBULETTE_SERVICE,5439,2,191
UNIVERSITY_OF_ROCHESTER,5440,6,192
UPWARD_MOBILITY_LIMOUSINE,5444,55,193
USAI_KITTEKORNCHAROEN,5445,2,194
"USA_UNITED_BUS_EXPRESS,_INC.",5446,2,195
UTA_OF_KIRYAS_JOEL_INC.,5451,4,196
V0LGA_TRANSPORTATION_CORP,5453,34,197
VALHALLA_UNION_FREE_SCHOOL_DIST.,5455,2,198
VALIANT_A_TRANSPORTATION,5456,1,199
VALO_TRANSPORTATION_LTD,5459,2,200
VANTOUR_1_INC,5461,2,201
VARGAS_TRANSPORTATION,5464,8,202
VARIETY_PRE-SCHOOLER'S_WORKSHOP,5465,2,203
VEA_NY_TOURS,5468,5,204
VICTORY_BAPTIST_CHURCH,5476,2,205
VICTORY_TRANSIT_INC,5477,4,206
VILLAGE_OF_COOPERSTOWN,5478,7,207
VILLAGE_OF_SPRING_VALLEY,5479,2,208
VIP_AMBULETTE_INC,5480,26,209
VIP_LIMOS_SERVICE_INC.,5481,5,210
VIRGO_AMBULETTE_CORP,5483,3,211
VIRGO_MEDICAL_SERVICES_INC.,5484,21,212
VISCONTI_LIMOSINE_SERVICE_LLC,5486,1,213
VISCONTI_LIMOUSINES_INC,5487,1,214
VITAL_TRANSIT_INC.,5488,4,215
VIZNITZER_CHAIDER_TIFERES_YISROEL,5489,7,216
VIZNITZ_INSTITUTIONS_INC,5490,4,217
"V_&_N_TRANSPORTATION,_INC",5491,2,218
VOLUNTEERS_OF_AMERICA,5493,1,219
VOORHEESVILLE_CENTRAL_SCHOOL,5494,69,220
V.O._PARTNERS__DBA_-EXPRESS_AMBULET,5495,31,221
VW_TRANS_LLC,5496,25,222
"WALDORF_SCHOOL_OF_GARDEN_CITY,_THE",5499,4,223
WALTON_CENTRAL_SCHOOL,5502,49,224
WANTAGH_U.F.S.D.,5503,3,225
WARREN_COUNTY_HEAD_START,5505,10,226
WARREN_HAMILTON_ACEO,5506,11,227
WARSAW_CENTRAL_SCHOOL,5508,3,228
WATERTOWN_CITY_SCHOOL_DISTRICT,5514,2,229
WATERVLIET_CITY_SCHOOL,5516,7,230
WATKINS_GLEN_CENTRAL_SCHOOL,5517,53,231
WAYLAND_COHOCTON_CENTRAL_SCHOO,5519,100,232
WAYNE_COUNTY_ACTION_PROGRAM,5521,8,233
WAYNE-FINGER_LAKES_BOCES,5522,30,234
WC_NEW_YORK_LIMOUSINE_INC,5526,1,235
W_&_D_TOUR_INC,5527,2,236
WEDDING_CENTER_PLUS_DEPOT_INC.,5531,2,237
WELLS_CENTRAL_SCHOOL,5534,15,238
WESTBURY_U.F.S.D.,5537,2,239
WESTCHESTER_AREA_SCHOOL,5540,2,240
WESTCHESTER_JUMBO_TAXI_SERVICE,5541,24,241
WESTCHESTER_SCHOOL_SPECIAL_CHILDREN,5542,4,242
WESTFIELD_CENTRAL_SCHOOL,5547,30,243
WEST_HILLS_MONTESSORI_SCHOOLS,5551,1,244
WEST_ISLIP_U.F.S.D.,5552,31,245
WE_TRANSPORT_L._P.,5566,90,246
WE_TRANSPORT_L.P.,5568,13,247
WE_TRANSPORT_LP(PLAINVIEW),5569,98,248
WHEELERS_ACCESSIBLE_VAN,5571,22,249
WHEELERVILLE_UNION_FREE_SCHOOL,5572,14,250
WHITE_PLAINS_BUS_CO._(MC),5577,8,251
WHITNEY_YOUNG_HEAD_START,5582,1,252
WILLIES_BUS_SERVICE,5587,2,253
WILLSBORO_CENTRAL_SCHOOL,5589,21,254
WINDSOR_LEASING_AMBULETTE,5592,20,255
WINSLOW_THERAPUTIC_RIDING_CTR._INC.,5594,2,256
WOLF'S_DAY_CARE_CENTER,5597,3,257
WOODEN_SHOE_NURSERY_SCHOOL,5599,4,258
WOODSTOCK_DAY_SCHOOL,5600,2,259
WYOMING_CENTRAL_SCHOOL_DSITRIC,5605,24,260
XAVERIAN_HIGH_SCHOOL,5606,11,261
XAVIER_HIGH_SCHOOL,5607,5,262
YCS_TRANSPORTATION,5611,14,263
YESHIVA_BAIS_CHAIM_YOSHUA,5616,2,264
YESHIVA_BETH_HILLEL_OF_WILLIAMSBURG,5618,3,265
YESHIVA_BOYAN,5620,7,266
YESHIVA_DARKEI_EMUNAH,5621,1,267
YESHIVA_EITZ_CHAIM_DBORO_PARK,5622,6,268
YESHIVA_JESODA_HATORAH,5623,6,269
YESHIVA_MACHZIKEI_HADAS,5624,16,270
YESHIVA_TIFFERES_BUNIM,5627,7,271
YESHIVA_TZEMACH_TZADIK_WIZNITZ,5628,4,272
YESHIVA_YADGILTORAH,5630,12,273
Y.J.H._COMMUNITY_SERVICES,5632,18,274
"YMCA_OF_OLEAN_NY,_INC.",5635,2,275
YM_YWHA_OF_SUFFOLK_(NESCO),5637,10,276
YORK_CENTRAL_SCHOOL_DISTRICT,5639,39,277
YOUTH_MISSION_OF_LIFE,5644,2,278
YTV_SERVICE_CORP,5645,17,279
YWCA_OF_JAMESTOWN,5647,3,280
ZOLADZ_LIMOUSINE_SERVICE,5648,21,281
"ZUCCARO_TOURS,_INC.",5649,3,282
1ST_CLASS_TRANSPORTATION_SERVICE,5650,2,283
3J'S_LIMOUSINE_INC.,5652,1,284
422_DND_CORP,5654,3,285
A1_NEW_YORK_TRANS_INC.,5656,3,286
AAA;FIRST;CHOICE;LIMOUSINE;SRVC;INC,5660,1,287
AA_GET_AWAY_COACHES_LIMOS_AND_MORE,5662,9,288
"ABACO_CARRIERS,_INC.",5665,2,289
ABACUS_TRANSPORTATION_LLC,5666,1,290
ABAD_TRANSPORTATION,5667,3,291
ABBA_LOCAL_TRANSPORTATION_INC,5668,6,292
ABC_FANTASY_LAND,5670,9,293
ABC_HAPPY_TOUR_INC,5671,1,294
ABLE_BUS_INC,5672,18,295
ABLE_TRANSPORTATION_CORP,5675,4,296
ABRAHAM_WING_SCHOOL,5677,2,297
ACADEMY_OF_OUR_LADY_OF_GOOD_COUNSEL,5681,3,298
"ACA_TRANSPORTATION,INC.",5684,45,299
ACCESS_TRANSPORTATION_INC.,5685,47,300
ACE_AMBULETTE_SERVICE_CORP,5688,1,301
ACE_LIMO_LI_CORPORATION,5689,2,302
ACE_METRO_AMBULETTE_INC,5690,4,303
ACES_LIMOUSINE_SERVICE_INC.,5691,12,304
ACH_TOV_V'CHESSED,5692,2,305
A-CLLASS_LIMOUSINE_INC.,5693,9,306
ADDISON_CENTRAL_SCHOOL_DISTRIC,5705,67,307
ADIRONDACK_MEDICAL_TRANSPORT,5709,10,308
ADONNINO_BROS_INC,5711,43,309
ADRIANO_LIMOUSINE_&_CAR_SERVICE,5712,4,310
ADVANTAGE_LIMOUSINE_LTD,5718,8,311
ADVANTAGE_TRANSIT_GROUP_INC.,5720,2,312
ADVENTURE_EXPRESS,5721,2,313
A.E._FALCONI_CORP.,5722,4,314
AFFORDABLE_LIMOUSINE_SERVICE_LLC,5728,10,315
AFTON_CENTRAL_SCHOOL,5730,43,316
AGRI-BUS_CHILD_DEVELOPMENT_PRO,5732,3,317
A_HUDSON_VALLEY_LIMOUSINE_INC,5735,2,318
AJM_SOPHISTICATED_CHARTERS,5737,1,319
AKRON_CENTRAL_SCHOOL,5738,87,320
"ALADDIN_TRANSPORTATION,_LLC.",5739,4,321
ALBANIA_LIMOSINE_SERVICE_INC.,5740,2,322
ALBANY_AQUA_DUCKS_INC.,5741,5,323
ALDEN_CENTRAL_SCHOOL,5745,110,324
ALERT_AMBULETTE_SERVICE_CORP.,5746,1,325
ALERT_COACH_LINES_INC.,5747,13,326
ALEXANDER_CENTRAL_SCHOOL,5748,34,327
ALEX_TRANS_INC.,5752,3,328
ALINA_SERVICE_CORP,5755,74,329
ALL_AROUND_TRANSPORTATION_INC,5758,32,330
ALLCARE_AMBULETTE,5759,7,331
ALL_CHILDRED'S_CHILD_CARE_CENTER,5761,2,332
ALL_CITY_JR_TENNIS,5762,2,333
ALL_COUNTY_LIMOUSINE_OF_L_I_LTD,5765,3,334
ALLEGANY_-_LIMESTONE_C.S.,5767,58,335
"ALLENCARE_MEDICAL_TRANSPORT,_LLC",5768,1,336
"ALLEN_CHASE_ENTERPRISES,_INC.",5769,6,337
ALLENDALE_COLUMBIA_SCHOOL,5770,4,338
"ALLIED_CENTRAL_AMBULETTE,_INC",5772,30,339
ALL_ISLAND_AIRPORT_SERVICE,5774,13,340
"ALLMEDICAL_SERVICE,_INC",5775,25,341
ALL_MY_CHILDREN_CHILD_CARE_CTR._INC,5776,2,342
ALL_NATIONS_COACH_INC,5777,5,343
"ALL_OCCASIONS_LIMO_SERVICE,_INC.",5778,3,344
ALL_POINTS_AMBULETTE_INC.,5779,21,345
"ALLSTATE_COACH_&_LIMO,_INC.",5780,1,346
ALL_TRANSIT_LLC,5782,122,347
ALPHABETLAND_SCHOOL_&_DAY_CAMP,5787,6,348
ALTA_MEDICAL_TRANSPORTING_INC,5789,11,349
ALVARO_POVERDA_DBA_A.P._TOURS,5791,1,350
ALWAYS_IN_STYLE_LIMO'S,5793,12,351
AMERICAN_AMBULETTE,5808,15,352
AMERICAN_ASIA_TRAVEL_CENTER,5809,4,353
AMERICAN_MEDICAL_RESPONSE,5815,9,354
AMERICAN_PARTY_RIDE_INC.,5817,2,355
AMG_TRANSPORTATION_INC,5822,56,356
AMHERST_LIMOUSINE_SERVICE,5823,2,357
AMITY_SHUTTLE,5824,30,358
AMSTERDAM_COMMUNITY_TRANSIT,5825,19,359
ANAILDA_TROTMAN_DBA_TRANSPORTE_NY,5829,6,360
ANDERSON_CTR._FOR_AUTISM,5831,2,361
ANDRADE'S_LIMO_INC,5834,4,362
ANGEL_AMBULETTE_INC,5835,8,363
ANGEL_RIDE_LIMOUSINE,5836,2,364
ANGEL'S_TRANSPORTATION,5837,2,365
ANITA_TRANSPORTATION,5838,6,366
ANY_TIME_BUS_CO._INC.,5842,41,367
A_ONE_BUS_INC,5843,1,368
APEX_INTERNATIONAL_LIMOUSINE_INC.,5845,2,369
"APOLLO_NY-CITY_AMBULETTE,_INC",5847,14,370
"APPLE_TRANSPORTATION_OF_N._Y.,_INC",5850,20,371
ARABIAN_TRAVEL_TRANS_CORP,5854,2,372
ARDSLEY_UNION_FREE_SCHOOL_DIST,5859,28,373
A_RIDE_4U_AMBULETTE,5861,4,374
ARM_TRANSPORTATION_INC,5866,1,375
ARTISTE_LIMOUSINE_SERVICE,5870,6,376
ASCONA__AMBULETTE__SERVICE__INC,5871,19,377
ASTRETCHOUT_LIMOUSINES,5878,2,378
ASTRO_AMBULETTE_CORP,5879,19,379
ATLANTIC_AMBULETTE_SERVICE_INC.,5880,1,380
ATLANTIC_EXPRESS_COACHWAYS,5881,44,381
ATLANTIC_PARATRANSIT,5882,15,382
ATLANTIC_QUEENS,5883,3,383
"ATLANTIC_TRAVEL_AND_TOUR,_INC",5889,3,384
"ATLAS_AMBULETTE,INC.",5890,8,385
ATTICA_CENTRAL_SCHOOL_DISTRICT,5893,11,386
AUBURN_ENL._CITY_SCHOOL,5895,22,387
"AVAILABLE_CARE,INC",5900,1,388
AVOCA_CENTRAL_SCHOOL_DISTRICT,5902,38,389
AVT_TRANSPORTATION,5904,4,390
"A_WHITE_STAR_LIMOUSINE_SERVICE,_INC",5905,1,391
A_YANKEE_LINE_INC,5907,13,392
AYR_COACH_LINES__USA_LTD.,5908,11,393
BADEN_ST_SETTLEMNT_INC.,5909,4,394
BAINBRIDGE_GUILFORD_CS,5910,37,395
BAIS_CHAYA_ESTHER_INC,5911,7,396
BAIS_YAAKOV_D'CHASSIDEI_GUR,5914,6,397
BAIS_YAAKOV_F.S._OF_ADAS_YEREIM,5915,3,398
BAIS_YAKOV_YOSSEF_LTD,5916,12,399
BAKER_TRANS,5917,3,400
BALDWIN_UFSD,5919,5,401
BANGS_AMBULANCE_SERVICE,5924,4,402
BANNER_INTERNATIONAL_CORPORATION,5925,19,403
BARKER_CENTRAL_SCHOOL,5927,7,404
BARRY_&_FLORENCE_FRIEDBERG_JJC,5928,18,405
BAS_MELECH_SCH_FOR_GIRLS,5932,1,406
BATIM_INC,5935,4,407
BAYPORT_BLUEPOINT_UFSD,5942,10,408
BAY_TERRACE_TRANSIT_CORP,5944,13,409
BB'S_TRANSPORTATION,5946,4,410
BEER_HAGOLAH,5952,2,411
BE'ER_MIRIAM,5953,3,412
BELLINGER_MEDICAL_TRANSPORT,5958,2,413
BELLMORE_MERRICK_CENTRAL_HIGH_SCH.,5959,13,414
BELLMORE_UFSD,5960,4,415
BELL_PARK_CHILD_CARE_CENTER_INC,5961,7,416
BELMONT_ARTHUR_AVE_LDC,5962,2,417
BEMUS_POINT_CENTRAL_SCHOOL,5963,34,418
"BENI'S_LIMOUSINE_SERVICE,INC.",5964,2,419
BERMUDA_LIMO_SERVICE,5966,5,420
BERNE_KNOX_WESTERLO_CSD,5967,109,421
BE_SAFE_BUS_CORP,5968,3,422
BEST_WAY_AMBULETTE,5972,2,423
BETH_CHANA_SCHOOL,5974,12,424
BETHEL_CHRISTIAN_FELLOWSHIP,5975,2,425
BETHPAGE_U.F.S.D.,5979,2,426
BEULAH_BAPTIST_CHURCH,5980,2,427
B_&_F_SKILLED_INC,5982,30,428
BIG_CHIEF_SCHOOL_&_CAMP,5984,21,429
BIRD_BUS_SALES_(NORTH),5987,11,430
BIRNIE_BUS_SERVICE_INC.,5990,11,431
BIRNIE_BUS_SERVICE_INC/MADISON,5995,26,432
BISHOP_LOUGHLIN_MEMORIAL_H.S.,6002,4,433
BISHOP_MAGINN_HIGH_SCHOOL,6003,3,434
BISHOP_MCGANN_MERCY_HIGH_SCHOOL,6004,2,435
BISHOP_TIMON_-_ST.JUDE_HIGH_SC,6005,3,436
BLACK_LEOPARD_TRAVEL_INC,6008,1,437
BLACK_SEA_TRANSPORTATION_INC,6009,12,438
BLESSED_SACRAMENT_ST._GABRIEL_HS,6013,6,439
BLUE_CHIP_TRANSPORTATION_INC.,6017,17,440
BLUE_WATER_TOURS_INC.,6021,1,441
BNOS_MALKE_BELZ,6024,13,442
BNOS_MENACHEM_INC,6025,5,443
BNOS_SQUARE_OF_WILLIAMSBURG,6026,9,444
BOCES_ALLEGANY_CATT._CO._(NORT,6034,7,445
BOCES_ALLEGANY_CATT._CO._(SOUTH),6035,4,446
BOCES_EASTERN_SUFFOLK,6037,9,447
"BOCES_FRANKLIN,_ESSEX_AND_HAMI",6038,6,448
BOCES_GENESEE_VALLEY_(BATAVIA),6039,7,449
BOCES_GST_(COOPERS)_C/O_BOCES,6041,8,450
BOCES_GST(WILDWOOD)_C/O_BOCES,6042,4,451
BOCES_OTSEGO_NORTHERN_CAT,6048,1,452
BOCES_ST._LAWRENCE_CO.,6051,7,453
BOCES_ULSTER_COUNTY,6053,22,454
BOCES_WSWHE_COUNTIES,6054,20,455
BOLIVAR-RICHBURG_CSD,6055,42,456
BOLTON_CENTRAL_SCHOOL,6056,19,457
BOYTON_BUS_INC.,6061,23,458
BRIARCLIFF_MANOR_UNION_FREE_SD,6069,2,459
BRIDGEMAN_TRANSPORTATION_OF_NY_CORP,6070,6,460
BRIGHTON_CENTRAL_SCHOOL_DISTRICT,6072,2,461
BRIGHT_STAR_DAY_SCHOOL,6074,1,462
BRILLIANT_TRANSPORTATION_LTD,6075,16,463
BRITISH_TOURS_CORP,6076,1,464
BROCKPORT_CENTRAL_SCHOOL,6079,214,465
BRONCO_BUS_CORP.,6081,11,466
BRONX_HOUSE_JEWISH_CENTER,6083,8,467
BRONXVILLE_U.F.S.D.,6084,2,468
BROWARD_COACH,6090,2,469
BUCHANAN_TRANSPORTATION,6100,3,470
BUFFALO_NIAGARA_LIMOUSINE_MGMT._CO.,6102,9,471
BUFFALO_PUBLIC_SCHOOLS,6103,9,472
BUS_AROUND_TOWN_CORP,6106,8,473
BUSHIDO_SCHOOL_OF_KARATE,6107,2,474
BUTTERFLY_KISSES_CHILDCARE,6111,1,475
CACAJ,6115,1,476
"CAMELOT_SPECIALTY_LIMOS,_INC.",6122,19,477
CAMP_ST_PATRICK_SMITHTOWN,6125,2,478
CAMP_TURNER,6126,1,479
CAMP_VENTURE,6127,6,480
CAMP_ZICHRON_ZVI_DOVID_INC.,6128,6,481
CANDOR_CENTRAL_SCHOOL_DISTRICT,6133,48,482
CANISIUS_HIGH_SCHOOL,6134,6,483
CAPCO_HEAD_START,6138,2,484
CAPITAL_BUS_TOURS_INC,6139,3,485
"CAR_DEPOT_OF_SYRACUSE,_INC.",6143,2,486
CARDINAL_LIMOUSINE_SERVICE_INC._THE,6145,4,487
CARING_HART'S_TRANSPORTATION_INC,6151,20,488
CARIZMA_TRANSPORTATION_INC,6152,1,489
CAROUSEL_DAY_SCHOOL,6154,30,490
"CASCADES_OF_NIAGARA_TOURS,_INC",6161,5,491
CASTRO_AND_SON'S_LLC,6164,4,492
CATHAY_EXPRESS_TRANSPORTATION,6166,17,493
CATHEDRAL_PREP_SEMINARY,6167,5,494
CATHOLIC_CENTRAL_HIGH_SCHOOL,6168,4,495
CATO-MERIDIAN_CEN._SCH.,6170,52,496
CATTARAGUS_ALLEGANY_BOCES,6171,10,497
CAYUGA/SENECA_COMM._ACTION_AGE,6175,14,498
CAZ_LIMO_INC.,6178,10,499
CBS_LINES_INC,6179,20,500
C.C.B._ENGLISH_SCHOOL_OF_NEW_YORK,6182,7,501
CCLC_AT_ROCHESTER_GENERAL_HOSPITAL,6183,2,502
CDL_TRAVEL_&_TOURS,6185,2,503
CEDENO_TRANSPORTATION,6187,1,504
"CELEBRITY_LIMOUSINE_SERVICE,_LLC",6189,2,505
CENTER_ROAD_BAPTIST_CHURCH,6191,1,506
CENTRAL_N_Y_WHEELCHAIR_TRANSP_INC.,6193,6,507
CENTRAL_VAN_SERVICE,6196,2,508
CENTURY_AMBULANCE_SERVICE_INC.,6197,2,509
CHALET_SERVICES,6201,10,510
CHAMPLAIN_VALLEY_EDUCATIONAL_SERVS.,6204,2,511
CHARTER_SCHOOL_FOR_APPLIED_TECHOLOG,6208,4,512
CHATEAUGAY_CS,6209,27,513
CHATTERBOX_DAY_SCHOOL,6211,11,514
CHECKER_TRANSPORTATION_CORP.,6214,4,515
CHEERFUL_TRANSPORTATION_SERVICE_INC,6216,2,516
"CHELSEA_EXPRESS_TRANSPORTATION,_INC",6217,24,517
CHENANGO_VALLEY_CENTRAL_SCHOOL,6220,66,518
CHESTER_UNION_FREE_SCHOOL,6222,2,519
CHILDREN_OF_AMERICA_ED_CHILD_CARE,6227,3,520
CHILDREN'S_CONTINUOUS_CARE_INC,6228,2,521
CHILDRENS_DISCOVERY_CENTER,6229,4,522
CHILDRENS_KASTLE,6230,2,523
CHILDRENS_NEST_INC,6231,1,524
CHINA_VIP_EXPRESS,6232,1,525
CHRISTIAN_BROTHERS_ACADEMY,6237,4,526
CHRISTIAN_CENTRAL_ACADEMY,6239,8,527
CHRIST_THE_KING_REGIONAL_H.S.,6240,6,528
"CILS,_LTD",6243,6,529
CITIED_EXPRESS_INC,6247,1,530
"CITIVAN_LINES,_CORP",6248,17,531
"CITY_SCHOOL_DIST._SYRACUSE,_NY",6253,17,532
CITY_TRAVEL_NYC_INC,6254,1,533
CITYWIDE_MOBILE_RESPONSE_CORP,6255,56,534
CIVIC_EXPRESS_INC,6257,1,535
CJ-MAK_TRANSPORTATION,6258,6,536
CLEVELAND_SERVICES,6264,15,537
CLOVE_COACH_LLC,6268,19,538
CLOVIS_COLEY,6269,1,539
CLUB_@_EAST_60TH_STREET,6270,1,540
CLUB_ELITE_TRANSPORTATION_CORP.,6271,2,541
CMF_TRANS_CORP.,6274,2,542
COACHMAN_LUXURY_TRANSPORTATION_INC,6275,13,543
COALO_AMBULETTE_SERVICE,6277,1,544
COE_TRANSP.,6281,4,545
COLING_AMBULETTE_SERVICE,6283,8,546
COLONIAL_TRANSPORTATION,6284,19,547
"COMFORT_EXPRESS,_INC",6288,2,548
COMMUNITY_COACH_INC.,6289,4,549
COMSEWOGUE_CSD,6291,2,550
CONG._BNEI_SHLOMO,6296,2,551
CONG_DARKEI_AVOS_SANZ_INC.,6297,2,552
CONG_RECHEV_YISROEL,6302,8,553
CONGREGATION_ADAS_YEREIM,6303,5,554
CONGREGATION_ADAS_YEREIM_OF_MONSEY,6304,1,555
CONGREGATION_AHAVAS_SHULEM,6305,7,556
CONGREGATIONAL_YALDEI_KODESH,6306,1,557
CONGREGATION_BETH_MORDECHAI,6307,2,558
CONGREGATION_BOBOVER_YESHIVA_OF_MON,6309,2,559
CONGREGATION_KEREN_HACHESED,6310,2,560
CONGREGATION_MATEN_TORAH,6311,4,561
CONGREGATION_OHR_MENACHEM,6312,7,562
CONGREGATION_TORAS_EMACHU_INC.,6314,2,563
CONG_YESHIVA_BEIS_CHAYA_MUSHKA,6315,2,564
CONG._YESHIVA_BETH_MIKROH,6316,2,565
CORAL_DAYCARE,6322,1,566
CORNING_CITY_SCHOOL_DISTRICT,6324,64,567
CORONA_HEIGHTS_TRANSPORTATION_CORP,6325,3,568
COUNTRY_CHILD_CENTER_INC.,6328,4,569
COVERED_WAGON_TOURS_LLC,6334,25,570
C_P_C_TOURS,6336,2,571
CREATIVE_CHILD_DAY_CARE_CENTER,6339,6,572
CRESCENT_CHARTER_SERVICE_INC,6340,8,573
CRISTAL_HEIGHTS_INC.,6342,2,574
CROSS_COUNTY_BUS_CORP.,6344,2,575
CROWN_POINT_CENTRAL_SCHOOL,6347,16,576
CRYSTAL_TOUR_INC.,6349,6,577
DAGOSTINO_LEARNING_GROUP,6353,1,578
DAHLIA_GROUP_INC,6354,37,579
DANIELA'S_TRANSPORTAION,6355,3,580
DANIELLE'S_LIMOUSINE,6356,12,581
DANNYS_LIMO_NY_INC,6357,3,582
DANSVILLE_CENTRAL_SCHOOL,6358,68,583
DARROW_SCHOOL,6359,4,584
DAVID_BROS._TAXI_INC.,6361,17,585
DBA_POLAR_EXPRESS_TRANS._SERVICES,6362,2,586
D_C_TRANSPORT_OF_WNY_INC.,6364,6,587
"DELFENIC_ENTERPRISES,_INC",6373,2,588
DEPENDABLE_AMBULETTE,6376,25,589
DEPENDABLE_BUS_SERVICE,6377,8,590
DESALES_HIGH_SCHOOL_DIOCESE_OF,6382,1,591
DEVELOPMENTAL_DISABILITIES_INST_INC,6385,40,592
DEWITT_HEAD_START,6387,2,593
DEZ_N_JAZ_TRANSPORTATION_INC,6388,1,594
"D_&_F_TRAVEL,_INC.",6389,30,595
D.H.&_E_TRANSPORTATION_INC,6390,1,596
DIAMOND_JOURNEY_INC,6391,2,597
DIANA_RESTREPO_DBA_JV_TOURS,6394,2,598
D.J._THE_DEE_JAY_MUSIC_AND_LIMOUSIN,6398,5,599
D.L.C._LIMOSINE_SERVICE_INC.,6400,2,600
D.L.E._BUS_SERVICE_INC.,6401,4,601
DON_BROWN_BUS_SALES_(JOHNSTOWN),6406,4,602
DOODLE_BUGS!_CHILDREN'S_CENTERS,6409,6,603
DOREWAY_TRANSPORTATION_SERVICES_LLC,6413,2,604
DOUBLE_DIAMOND_TRANSPORTATION_SERVI,6415,10,605
DOWNSVILLE_CENTRAL_SCHOOL,6416,32,606
D_&_T_TRANSPORT_LLC,6419,10,607
DUNKIRK_CITY_SCHOOLS,6422,6,608
DUTCHESS_DAY_SCHOOL,6429,2,609
EARLY_CHILDHOOD_LRNG_CTR_GREENE_CO,6436,13,610
EASTERN_SUFFOLK_TRANSPORTATION_LLC,6441,1,611
EASTERN_VAN_SERVICE_LLC,6442,1,612
EAST_IRONDEQUOIT_CENTRAL_SCHOOL,6445,168,613
EAST_ROCKAWAY_U.F.S.D.,6447,8,614
EAST_WILLISTON_U.F.S.D.,6449,18,615
EC2_BUS_CORP,6454,5,616
EDGEMONT_UNION_FREE_SCHOOL_DIS,6457,4,617
EDUCATIONAL_INSTITUTE_OHOLEI_TORAH,6462,13,618
EDUKIDS,6463,3,619
EDUMATTERS_LLC.,6464,2,620
EDWARDS_KNOX_CENTRAL_SCHOOL,6465,37,621
ELBRUS_AMBULETTE_INC.,6468,17,622
ELEGANT_WINE_TOURS_OF_L.I._LTD,6471,12,623
ELITE_LIMOUSINE_&_CORPORATE_TRANS,6472,4,624
ELLENVILLE_CENTRAL_SCHOOL,6475,2,625
ELMIRA_HEIGHTS_CENTRAL_SCHOOL,6478,32,626
ELMWOOD_FRANKLIN_SCHOOL,6480,4,627
"ELS_LIMO,_LLC",6481,2,628
EMANUEL_LUTHERAN_CHURCH,6482,5,629
EMES_BUS_CORP,6485,12,630
EMPIRE_CHARTER_SERVICE_INC,6489,3,631
EMPIRE_LINK_CORPORATION,6492,2,632
"ENERGY_AMBULETTE_SERVICES,_INC.",6500,17,633
E.O.C._OF_NASSAU_COUNTY,6502,15,634
ERIE_COUNTY_SPCA,6503,3,635
ERIE_II_CHAUT._CATT._BOCES,6504,32,636
ERWAY_AMBULANCE_SERVICE,6505,4,637
ETHAN_ALLEN_TRANSPORTATION,6509,132,638
EURO_USA_INTL_INCORPORATED,6511,4,639
EVANGEL_CHRISTIAN_SCHOOL,6512,2,640
EVCO_TRANSPORT_INC,6513,24,641
EXCALIBUR_TRANSPORTATION_INC.,6517,1,642
EXCEL_TRANSPORTATION,6519,7,643
EXECUTIVE_FLEET_INC,6522,39,644
"EXPERIENCE_THE_RIDE_NY,_LLC",6526,9,645
E-Z_BUS_LLC,6527,19,646
FABIUS-POMPEY_CENTRAL_SCHOOL,6530,53,647
FACTORY_DIRECT_BUS_SALES_(ELMSFORD),6532,2,648
FAITH_BAPTIST_CHURCH,6535,2,649
FAMILY_&_CHILDRENS_ASSOCIATION,6540,4,650
FAMILY_FOUNDATION_SCHOOL,6542,1,651
FAMILY_SERVICE_OF_WESTCHESTER_INC.,6543,2,652
FAMILY_TOURS_INC.,6544,2,653
FANTASY_PARTY_BUSES_INC.,6547,6,654
FARMINGDALE_UFSD,6548,11,655
"FAVORITE_LIMO_BUS_COMPANY,_INC",6550,1,656
FAZTUR_INC,6552,2,657
FELIPE_&_ELMER_TRANSPORT,6553,3,658
FERNANDEZ_TRANSPORTATION,6556,4,659
FIELDS_BUS_SERVICE,6557,2,660
FILLMORE_CENTRAL_SCHOOL_DISTRI,6558,48,661
FIRST_ALERT_AMBULETTE_CORP,6564,26,662
FIRST_BAPTIST_CHURCH_OF_WEST_S,6565,2,663
FIRST_CHURCH_OF_THE_NAZARENE,6568,2,664
FIRST_N.Y_LUXURY_LIMOUSINES_INC.,6569,2,665
FIRST_RESPONSE_INC.,6570,5,666
FIRST_STEPS_DISCOVERY_CEN.,6571,3,667
FIRST_STEPS_TRANS_INC.,6572,36,668
FIRST_TRANSIT,6613,11,669
FIRST_TRANSIT_INC_(CANANDAIGUA),6615,1,670
FIRST_TRANSIT_INC_(CUBA),6617,38,671
FISCHBACH_FOOD_TOUR,6624,2,672
FIVE_TOWNS_COMMUNITY_CENTER,6627,2,673
FIVE_TOWNS_LIMOUSINE,6628,8,674
FLAUNT_CULTURE_LLC,6629,2,675
FLUSHING_MEDICAL_AMBULETTE_INC,6634,6,676
FONDA_FULTONVILLE_CENTRAL,6637,6,677
FORESTVILLE_CENTRAL_SCHOOL,6640,45,678
"FOREVER_YOURS_TOURS,_INC.",6641,16,679
FORT_ANN_CENTRAL_SCHOOL,6642,37,680
FORT_EDWARD_PUBLIC_SCHOOL,6643,15,681
FORT_PLAIN_CENTRAL_SCHOOL,6644,43,682
FORWARD_BUS_TRANS._INC.,6646,4,683
"FOUR_DIRECTIONS_GROUND,_LLC",6647,3,684
FOUR_SEASONS_CHILD_CARE_CENTER,6648,2,685
FOX_MC_LELLAN_FUNERAL_HOME,6649,10,686
FOXTAIL_TOURS_INC,6650,2,687
FOZIA_THURSTON_BUS_CO.,6651,3,688
FRAGE_MOBILE_SERVICES_INC.,6652,4,689
FRANCIS_AGBO_DBA_AMPA_COACH_AMBULET,6653,2,690
FRANKLIN_CENTRAL_SCHOOL,6654,24,691
FRANKLIN_CO._ASSOC._OF_SENIOR,6655,26,692
FRIENDS_ACADEMY,6661,18,693
FRIENDSHIP_BAPTIST_CHURCH,6663,1,694
FRIENDSHIP_CENTRAL_SCHOOL,6664,14,695
FRIEND'S_SCHOOL_BUS_TRANSPORTATION,6665,2,696
"FRIENDS_TO_THE_ELDERLY,YOUTH&FAMILY",6667,1,697
FRIENDS_TRANSPORTATION,6668,2,698
FRONTIER_CENTRAL_SCHOOL,6669,187,699
FROST_VALLEY_YMCA,6670,15,700
FULLINGTON_AUTO_BUS_CO.,6672,4,701
FULTON_CONSOLIDATED_SCHOOL,6673,25,702
FWDO_TRANSPORTATION_LLC,6674,2,703
G4S_SECURE_SOLUTIONS_D/B/A_G4S,6675,1,704
GARDEN_CITY_PUBLIC_SCHOOLS,6682,135,705
GARDEN_SCHOOL,6683,6,706
GARRISON_UNION_FREE_SCHOOL,6684,10,707
GATEWAY_LONGVIEW,6686,22,708
GEMACH_CHASDI_YOEL_OF_WILLIAMSBURG,6690,7,709
GENERAL_AMBULETTE,6691,15,710
GENESEE_VALLEY_CENTRAL_SCHOOL,6696,43,711
GENESEO_CENTRAL_SCHOOL_DISTRIC,6697,45,712
GENESIS,6698,6,713
"GENTLE_OUTINGS,_LLC",6701,1,714
GIANLOUI_TRANS_CORP,6705,4,715
GIFTED_MINDS_ACADEMY,6706,1,716
GILBERTSVILLE_MOUNT_UPTON_CS,6707,39,717
"G_&_L_AMBULETTE_CO.,_INC.",6712,29,718
GLOBEL_VANS_LLC_D/B/A/_IJI_COACH,6716,2,719
GLORIA'S_TRANSPORTATION,6717,2,720
GLORI'S_TRANSPORTATION,6718,1,721
GOLDEN_AGE_AMBULETTE_INC.,6726,20,722
GOLDEN_EAGLE_TRANSPORTATION_INC,6729,5,723
GOLDEN_KNIGHT_LIMOUSINE_II_LLC,6730,2,724
GOLDEN_MEMORIES_TRANS,6731,55,725
GOLDEN_RING_TRANSPORTATION_INC,6732,22,726
GOLD_STAR_TRANSPORTATION_LTD,6736,1,727
GONZALEZ_BUS_SERVICE_CORP.,6739,1,728
GOODCARE_HOME_HEALTH_SERVICES,6740,4,729
GOUVERNEUR_VOLENTEER_RESCUE_SQUAD_I,6746,4,730
GOWANDA_CENTRAL_SCHOOL,6747,60,731
GOW_SCHOOL,6748,6,732
GRACIELA'S_TRANSPORTATION,6750,4,733
GRAND_ISLAND_TRANSIT_CORP.,6754,30,734
GREATER_AMSTERDAM_SCHOOL_DISTRICT,6761,23,735
GREATER_BINGHAMTON_HEALTH_CENTER,6762,2,736
GREATER_SOUTHERN_TIER_BOCES,6764,16,737
GREENBURGH_ELEVEN,6768,6,738
GREEN_CHIMNEYS_SCHOOL,6769,8,739
GREEN_MEADOW_WOLDORF_SCHOOL,6771,6,740
GREENPORT_PUBLIC_SCHOOLS,6772,2,741
GREENWOOD_LK_TAXI_&_TOWNCARS_INC.,6776,4,742
GREENWOOD_MEDICAL_TRANSPORT_SERVICE,6777,9,743
GROTON_CENTRAL_SCHOOL,6778,44,744
GROUND_TRANS_AMERICA_INC.,6780,7,745
"GUARANTEED_AMBULETTE,_INC.",6781,1,746
HABITOTS_OF_MEDFORD,6789,1,747
HACKLEY_SCHOOL,6790,4,748
HALDANE_CENTRAL_SCHOOL,6792,42,749
HAL_TRANSPORTATION,6794,3,750
HANNAH_MEDTRANS_INC.,6801,4,751
HANNIBAL_CENTRAL_SCHOOL,6802,58,752
"HAPPY_DAY_TRANSIT,_INC",6805,59,753
HAPPY_FACE_SCHOOL_BUS,6808,3,754
HAPPY_HOME_CHILD_CARE_LTD,6809,2,755
HARBOR_COUNTYR_DAY_SCHOOL,6810,2,756
HARBOR_DAY_CARE_CENTER,6811,16,757
HARBOR_VIEW_EAST,6812,2,758
HARRISVILLE_CENTRAL_SCHOOL,6815,23,759
HAUPPAUGE_UFSD,6819,20,760
HAWK_MEADOW_MONTESSORI_SCHOOL,6822,2,761
HAWTHORNE_CEDAR_KNOLLS,6823,9,762
HAWTHORNE_COUNTRY_DAY_SCHOOL,6824,2,763
H_&_B_SUPER_EXPRESS,6825,10,764
HEAD_START_OF_ROCKLAND,6826,6,765
HELPING_HANDS_TRANSPORTATION,6829,14,766
HENDRICKSON_BUS_CORP.,6831,264,767
HENRY_VISCARDI_SCHOOL,6834,6,768
HERITAGE_BAPTIST_CHURCH,6835,2,769
HERMON-DEKALB_CENTRAL_SCHOOL,6839,32,770
HERMON_E._SWEZEY_CO._INC.,6840,55,771
"HERNANDEZ_AMBULETTE,_CORP.",6841,2,772
HEWLETT_WOODMERE_UFSD,6844,2,773
HICKORY_HILL_DAY_SCHOOL,6845,16,774
HIGH_END_TRAVELS_INC,6847,2,775
HIRSCH_YESHIVAH,6853,2,776
HOFSTRA_UNIVERSITY,6858,14,777
HOLLAND_CENTRAL_SCHOOL,6859,63,778
HOLY_ANGELS_ACADEMY,6862,2,779
HOLY_TRINITY_H.S.,6864,12,780
HOOSICK_FALLS_CENTRAL_SCHOOL,6869,44,781
HOPE_AMBULETTE,6871,36,782
"HORIZON_TRANSPORTATION_SERVICE,_INC",6873,9,783
HOUGHTON_ACADEMY,6877,4,784
HOUSE_OF_THE_GOOD_SHEPHERD,6878,9,785
HUDSON_VALLEY_LIMOUSINE_SERVICE_LLC,6888,4,786
HUNTER_MOTOR_COACH_INC.,6891,22,787
HUNTER_TANNERSVILLE_CS,6892,34,788
HUNTINGTON_COACH_CORP.,6893,92,789
HUNTINGTON_COACH_LLC,6896,413,790
HUSH_TOURS_INC.,6897,2,791
IMMANUEL_GENIUS_INC.,6906,2,792
IMPACT_LIMO_INC.,6908,2,793
INDIAN_LAKE_CENTRAL_SCHOOL,6912,17,794
INDIAN_SPRINGS_CHILDCARE_(BANNERS),6914,4,795
INTER_COUNTY_MOTOR_COACH,6918,12,796
INTERFACE_TOURS_AND_MUSIC_INC,6919,6,797
INTERNATIONAL_BAPTIST_CHURCH,6920,3,798
INTERNATIONAL_BUS_SERVICE_INC.,6921,1,799
I.PERSCH_INC.,6923,2,800
IROQUOIS_CENTRAL_SCHOOL,6925,147,801
IRY_INC.,6926,4,802
ISLAND_MED_INC._TRANSPORT_INC,6928,12,803
ISLAND_PARK_U.F.S.D.,6929,25,804
ISLAND_WIDE_AMBULETTE_SERVICE,6930,12,805
IT'S_SHOWTIME_LIMOUSINE_INC.,6932,2,806
IVY_TOURS,6934,2,807
I_&_Y_TRANSIT_CORP,6935,14,808
JACKSON_DEVELOPMENTAL_CENTER,6936,2,809
JACKSON_HEIGHTS_SALES_INC,6937,3,810
JAMERICAN_COACH,6940,1,811
JANET'S_SCHOOL_SHUTTLE,6943,2,812
JAYBEE_BUS_TRANSPORTATION_INC,6945,4,813
JB_TOURS_INC,6946,2,814
JCEO,6949,6,815
J.C._TOURS,6950,2,816
"J_D'S_LIMOUSINE,_INC.",6951,2,817
JEFFERSON_CENTRAL_SCHOOL,6953,19,818
JENNIFER_TRANSPORTATION,6957,3,819
JEWISH_COMMUNITY_CTR__HUDSON,6960,2,820
JEWISH_FOUNDATION_SCHOOL_OF_S.I.,6961,1,821
JEWISH_INSTITUTE_OF_QUEENS,6964,1,822
JF_KIDS_SPORT,6965,2,823
J_&_J_LIMOUSINE,6968,5,824
J.L._TOURS,6971,3,825
J_&_M_AIRPORT_SHUTTLE_SERVICE_INC,6972,2,826
JMR/ROCKY_SPORTS_LIMITED,6973,2,827
J_NEW_WORLD_BUS_SERVICE,6974,2,828
JOHN_A._COLEMAN_CATHOLIC_H.S.,6976,2,829
JOHNSON_CITY_CENTRAL_SCHOOL,6979,107,830
JOINT_COUNCIL_FOR_ECON._OPPOR.,6981,4,831
JORA_MGT_CORP,6983,6,832
JORDAN_ELBRIDGE_CEN._SCH.,6984,61,833
JOVIAL_CORP,6985,10,834
J._P._AMBULETTE_CORP.,6986,3,835
JRB_TRANSPORTATION_INC,6987,2,836
JR_BUS_COMPANY_INC,6988,2,837
KASSE_BUS_CORP.,6996,6,838
KELLY_TRANSP.,7002,4,839
KENDALL_CENTRAL_SCHOOL_DISTRIC,7004,48,840
KENLEYS_TRANSPORTATION_INC,7005,7,841
KENNEDY-LAGUARDIA_DOOR-TO-DOOR_INC.,7007,2,842
KENNETH_BARTON_ENTERPRISES_INC.,7008,1,843
KENSINGTON_BUS_CO,7009,15,844
KENTON_FAMILY_BRANCH_YMCA,7010,2,845
KESHEQUA_CENTRAL_SCHOOL_DISTRI,7011,58,846
"KHAL_DIVRE_CHAIM,_INC",7014,4,847
KHAL_ICHUD_CHASIDIM,7015,16,848
KIDDIE_ACADEMY_OF_LYNBROOK,7016,1,849
KIDDIE_ACADEMY_OF_SYOSSET,7017,4,850
KIDS_BY_THE_BUNCH_DBA_TUTOR_TIME,7019,8,851
"KIDS_KORNER,_INC.",7022,2,852
KIDZ_COUNTRY_PREMIER,7023,2,853
KINDERCARE_LEARNING_CENTER_(DBA),7026,2,854
KINGSBRIDE_HEIGHTS_COMMUNITY_CENTER,7030,1,855
KISMET_VAN_SERVICE_INC.,7035,2,856
KIS_PARTY_BUS_CORP.,7036,2,857
KSW99_CORPORATION,7042,10,858
KUM_GANG_TOUR_INC.,7043,8,859
K._VENTURES,7044,4,860
LAFAYETTE_CENTRAL_SCHOOL,7048,67,861
LAKE_PLACID_CENTRAL_SCHOOL,7052,31,862
LAKE_PLACID_MARINA_CORP.,7053,2,863
LAKE_SHORE_BEHAVIORAL_HEALTH_INC.,7055,1,864
LAKEVILLE_AMBULETTE_TRANSP._LLC,7057,23,865
L.A.L._LIMOUSINE_CORP.,7058,11,866
"LANCELOT_LIMOUSINE_SERVICES,INC",7061,2,867
LANDON'S_TRANSPORTATION,7062,1,868
LANSINGBURG_BOYS_AND_GIRLS_CLUB,7064,4,869
LA_ROZA_INC.,7066,2,870
LASALLE_INSTITUTE,7067,2,871
LATINO_AMBULETTE_SERVICE,7068,3,872
LAURENS_CENTRAL_SCHOOL,7070,25,873
LAWRENCE_AMBULETTE,7071,4,874
LBJ_TRANSPORTATION_CORP.,7072,2,875
LDM_TRANSPORTATION_CORP.,7073,2,876
"LEARNING_TREE,_THE",7074,6,877
LEGACY_LIMOUSINES_BY_M_&_J_LLC,7076,1,878
LEGAL_LIMOUSINES_INC.,7078,7,879
LEINAD_SERVICES_INC,7081,1,880
LENNY'S_VAN_SERVICE,7083,3,881
LEONARD_BUS_SALES_INC,7084,1,882
LEONARDO_TRANSPORTATION_CORP.,7085,4,883
"LEONS_AMBULETTE,_INC.",7086,6,884
LEROS_POINT_TO_POINT_INC.,7088,37,885
LETCHWORTH_CENTRAL_SCHOOL,7091,82,886
LEV_BAIS_YAAKOV_TRANSPORTATION,7092,3,887
L_&_H(NY)_TRANSPORTATION_INC,7095,5,888
LIBERTY_CENTRAL_SCHOOL,7096,2,889
LIBERTY_TRANSIT_CORP,7100,4,890
L.I._ELITE_LIMOUSINE_INC.,7101,3,891
LIFE_CARE_AMBULETTE_INC,7102,2,892
LIL_DANTE_BUS_COMPANY_LLC,7106,1,893
L._I._LUTHERAN_MIDDLE_&_HIGH_SCHOOL,7107,9,894
LIL_WORKERS_CHILD_DEVELOPMENT,7108,5,895
"LINCOLN_CHILD_DAY_CARE,_INC.",7110,1,896
LINCOLN_HALL,7111,6,897
LINCOLN_MEMORIAL_UNITED_METHODIST_C,7112,2,898
LITTLE_ANGELS_TRANSPORTATION,7113,2,899
LITTLE_ANGELS_TRANS_SERVICE_LLC,7114,2,900
LITTLE_DOLPHIN_TRANSPORT_INC,7115,1,901
LITTLE_FALLS_CITY_SCHOOL,7116,10,902
LITTLE_RED_SCHOOL_HOUSE,7120,2,903
"LITTLE_SCHOLARS_CHILD_CENTER,_INC.",7122,1,904
"LITTLE_SPONGES_DAYCARE,_LLC",7123,3,905
LIVINGSTON_COUNTY_HEADSTART,7127,6,906
LIVINGSTON-WYOMING_ARC(HILLTOP,7128,155,907
L_&_L_TRANS.,7130,6,908
LMT_TRANSPORTATION_INC,7132,2,909
LONG_LAKE_CENTRAL_SCHOOL,7142,12,910
LORANT'S_TOUR_CORP.,7143,2,911
LORD_OF_LIFE_LUTHERAN_CHURCH,7144,4,912
LOWVILLE_CENTRAL_SCHOOL,7151,49,913
L_Q_GARDEN_CITY_LLC,7152,2,914
"LSLAT,INC.DBA_OLYMPIC_TRANSPORTATIO",7155,17,915
LTTTLE_ANGELS_SCHOOL_BUS_SERVICE,7157,4,916
LUCY_TRANSPORTATION,7158,4,917
L_&_W_EXPRESS_VAN_SERVICE_CORP,7162,4,918
LYNDONVILLE_CENTRAL_SCHOOL,7165,30,919
LYONS_CENTRAL_SCHOOL,7166,52,920
MAC_TRASPORTATION_AND_TOURS_LLC,7168,13,921
MADISON_CO._COOP_EXTENSION,7170,12,922
MAGIC_WORLD_TRANSPORTATION_CORP,7175,1,923
MAJESTIC_TRANSPORTATION_INC,7179,1,924
MALVERNE_UFSD,7182,8,925
MAMARONECK_CHILD_DEVELOPMENT,7183,2,926
MANAGE_TRANSIT_CORP,7185,1,927
MANHATTAN_AIRPORTER_INC,7188,2,928
MANHATTEN_COUNTRY_SCHOOL,7190,2,929
MAPLEBROOK_SCHOOL,7192,4,930
MAPLEWOOD_NURSERY_SCHOOL,7193,19,931
MARIA_REGINA_HIGH_SCHOOL,7199,2,932
MARICARE_TRANSPORT,7200,1,933
MARION_CENTRAL_SCHOOL_DISTRICT,7201,49,934
MARIO'S_TRANSPORTATION,7202,35,935
MARTIN_DEPORRES_SCHOOL_INC.,7204,5,936
MARTINEZ_BUS_SERVICE,7205,2,937
MARY_CARIOLA_CHILDREN'S_CENTER,7206,10,938
"MASSENA_TRANSPORT,_LLC",7209,2,939
"MATRIX_POSH,_LLC",7211,2,940
M.A.T.S.S._KID'S_GYM,7212,2,941
MATTHEWS_(23443)_LOANER_BUSES,7213,1,942
MATTHEWS_BUSES_INC_(DANSVILLE),7215,1,943
MATTHEWS_BUSES_INC_(MAYBROOK),7216,3,944
MAYFLOWER_COACH_INC.,7219,3,945
MAYOOR_TRANSPORTATION_INC.,7220,31,946
MCQUAID_JESUIT_HIGH_SCHOOL,7226,4,947
MED_FLEET,7229,3,948
MEDICAL_EXPRESS_INC.,7231,5,949
MEDICAL_TRANSPORT_SERVICE_INC,7233,8,950
MEDI_TRANS,7235,62,951
MEDSTAR_AMBULETTE_INC,7236,23,952
MEGA_EXPRESS_INC,7237,6,953
MEGA_LINE_INC,7238,29,954
MEKEEL_CHRISTIAN_ACADEMY,7239,3,955
MERCY_CARE_TRANSPORTATION_INC.,7241,44,956
MERIT_TRANSPORTATION_INC.,7242,12,957
MEROKEE_DAY_SCHOOL,7243,7,958
MERY'S_TRANSPORTATION,7246,2,959
METROPOLITAN_LIMOUSINES_&_FH,7249,5,960
MICKEY_TRANSPORTATION_INC.,7254,6,961
MIDDLEBURGH_CENTRAL_SCHOOL,7256,68,962
MIDDLETOWN_DAY_NURSERY_ASSOC._INC.,7258,1,963
MID-HUDSON_LIMOSINE_SERVICE_INC.,7260,1,964
MIDWOOD_AMBULETTE_SER._INC.,7264,2,965
MILFORD_CENTRAL_SCHOOL,7269,21,966
MILLBROOK_SCHOOL,7270,15,967
MING_AN_INC.,7273,16,968
MIRACLE_EXPRESS_TRANSPORTATION,7275,1,969
M.J._CARR_SERVICE,7278,2,970
MJT_BUS_COMPANY_INC,7279,1,971
M_J_TRANS_CORP,7280,33,972
M._M._SCHOOL_BUS_SERVICE,7283,2,973
MOBILITY_PLUS,7286,2,974
MOHAWK_VALLEY_COMMUNITY_ACTION,7289,2,975
MONROE-2-ORLEANS_BOCES,7291,16,976
MONROE_TRANSPORTATION_SERVICES,7295,10,977
MONSIGNOR_SCANLAN_HIGH_SCHOOL,7299,4,978
MORIAH_CENTRAL_SCHOOL,7309,38,979
MORRISTOWN_CENTRAL_SCHOOL,7312,24,980
MORRISVILLE_AUX_OF_AG_&_TECH,7313,9,981
MOSDUS_CHASDEI_SQUARE,7317,6,982
MOUNT_ST._MARY_ACADEMY,7321,3,983
MOUNT_ST._MARY_DAYCARE_CENTER,7322,4,984
MOZART_TRANSPORTATION_CORP.,7324,5,985
MR._SOLOMON'S_TRANSPORTATION_CORP.,7327,1,986
"MSO_AMBULETTE_SERVICE,_LLC",7329,1,987
MT._TREMPER_OUTDOOR_MINISTRIES_INC.,7332,1,988
MY_KIDS_CHILD_CARE_CENTER,7339,3,989
MY_PRECIOUS_ANGELS_CHILDCARE,7340,3,990
MYRIAMS_TRANS.,7341,5,991
M_&_Y_TOUR_INC,7342,1,992
MYTRANS_CORP,7343,8,993
NANUET_UNION_FREE_SCHOOL_DISTR,7345,10,994
NARDIN_ACADEMY,7347,2,995
NATIVITY_MIGUEL_MIDDLE_SCHOOL,7350,1,996
NATIVITY_MISSION_CENTER,7351,1,997
NAZARETH_REGIONAL_H.S.,7352,3,998
NBY_TRANSPORTATION_INC,7354,8,999
NEVILLE_I._JAMES,7355,2,1000
NEWARK_CENTRAL_SCHOOL,7356,101,1001
NEWCOMB_CENTRAL_SCHOOL,7359,13,1002
NEWFANE_ABCD,7361,10,1003
NEW_GENERATION_BUS_CO.,7364,1,1004
NEW_HARTFORD_CENTRAL_SCHOOL,7365,95,1005
NEW_HYDE_PARK_U.F.S.D.,7368,7,1006
NEW_SUFFOLK_SCHOOL_DISTRICT,7374,2,1007
NEW_TOURS_COACH_INC,7375,1,1008
NEW_YORK_BUS_SALES_LLC,7377,2,1009
"NEW_YORK_BUS_SALES,_LLC",7378,17,1010
NEW_YORK_LIMO_BUS,7382,9,1011
NEW_YORK_MILITARY_ACADEMY,7383,11,1012
NEW_YORK_SCH._FOR_THE_DEAF,7387,7,1013
NEW_YORK_SPRINTER_TOURS,7388,3,1014
NEW_YORK_STYLE_LIMO_INC.,7390,4,1015
NEW_YORK_TROLLEY_CO_LLC,7391,5,1016
NIAGARA_CATHOLIC_JR/SR_HIGH_SC,7393,2,1017
NIAGARA_EXPRESS,7394,3,1018
NIAGARA_MAJESTIC_TOURS_INC,7396,39,1019
NIAGARA_SCENIC_TOURS_INC.,7397,28,1020
"NNY_TRANSPORT,_INC._DBA_ELITE_MEDIC",7402,2,1021
NORTH_COLONIE_CENTRAL_SCHOOL,7406,152,1022
NORTH_COUNTRY_ACADEMY_LLC,7407,2,1023
NORTH_EAST_WEST_SPECIAL_REC.,7415,8,1024
NORTHERN_CATSKILL_OCC_CTR.,7417,4,1025
NORTHERN_WESTCHESTER_BOYS&GIRLS_CUB,7419,4,1026
NORTH_FORK_TROLLEY_COMPANY_INC,7420,3,1027
NORTH_MERRICK_UFSD,7422,4,1028
NORTHPORT/EAST_NORTHPORT_UFSD,7423,38,1029
NORTHSHORE_CSD,7427,85,1030
NORTH_SHORE_DAY_SCHOOL,7428,27,1031
NORTH_SHORE_TRANSPORTATION,7429,3,1032
NORTH_STAR_MOTOR_COACH_INC,7430,6,1033
NOTRE_DAME_BISHOP_GIBBONS_SCHOOL,7441,1,1034
N.Q.T._BUS_INC.,7443,13,1035
NY_BUS_CHARTER_INC,7445,5,1036
NYC_LUXURY_SERVICE_INC.,7446,2,1037
NYC_METRO_CARE,7447,22,1038
NYS_AGRI_BUSINESS_CHILD_DEV.,7449,4,1039
NYS_AGRI-CHILD_CARE_PROGRAM,7450,2,1040
NY_SKY_EXPRESS_INC,7453,1,1041
NYS_SCHOOL_FOR_THE_BLIND,7454,8,1042
NY_STYLE_LIMO_SUV_INC,7457,2,1043
OCC_TRANSPORT_INC,7462,30,1044
ODESSA_MONTOUR_CENTRAL_SCHOOL,7466,34,1045
OGO_VAN_SERVICES,7467,2,1046
OHOLEI_YOSEF_YITZCHOK_LUBAVITCH_INC,7469,1,1047
OLD_TIME_BAPTIST_CHURCH,7470,7,1048
OLEAN_CHILD_CARE_CENTERS,7471,4,1049
OLEAN_CITY_SCHOOLS,7472,14,1050
OLYMPIA_TRAILS_BUS_CO._INC.,7474,96,1051
ONCE_UPON_A_TIME,7476,4,1052
ONE_WORLD_AMBULETTE,7480,6,1053
ONFACO_INC._DBA_WHEELCHAIR_GET,7481,14,1054
ONONDAGA_CORTLAND_MADISON_BOCES,7484,27,1055
ONONDAGA_C/S_DISTRICT,7485,54,1056
"OPENTOUR,_INC",7488,7,1057
OPPENHEIM_EPHRATAH_CSD,7489,34,1058
OPPORTUNITIES_FOR_OTSEGO,7492,10,1059
ORISKANY_CENTRAL_SCHOOL,7495,40,1060
OSSINING_UNION_FREE_SCHOOL_DISTRICT,7497,10,1061
OTSEGO_AREA_OCCUPATIONAL_CENTE,7501,7,1062
OTSEGO_COUNTY_CHAPTER_NYSARC_INC.,7502,6,1063
OUR_LADY_OF_MERCY,7504,5,1064
OUR_SAVIOR_CHURCH_&_SCHOOL,7505,4,1065
OVER_THE_FALLS_TOURS,7506,33,1066
OVER_THE_TOP_LIMOSINE,7507,1,1067
OWEGO-APALACHIN_CENTRAL_SCHOOL,7508,92,1068
PAINE_BUS_SERVICE,7511,14,1069
PAL'S_AFTER_SCHOOL&SUMMER_CAMP_INC.,7514,2,1070
PAPIS_TRANSPORT_CORP,7516,5,1071
PARIS_LIMOUSINE_SERVICE_CORP,7519,3,1072
PARTY_LINE_LIMO._INC.,7522,1,1073
PASTORA_TRANSPORTATION,7524,8,1074
PATCHOGUE_MEDFORD_CSD,7525,19,1075
P.A.T._INTERNATIONAL_INC.,7527,6,1076
PAT_KAM_TRANSPORTATION,7528,6,1077
PATRICAN'S_LIMOUSINE_SERVICE_LTD,7529,2,1078
PAVILION_CENTRAL_SCHOOL_DISTRI,7534,49,1079
PEACE_OF_MIND_QUALITY_CHILD_CARE_IN,7538,2,1080
"PEBBLES_TRANSPORTATION_CO.,_INC.",7540,2,1081
PENFIELD_PRESBYTERIAN_CHURCH,7544,1,1082
PEONY_TOURS_INC,7547,1,1083
"PERFECT_CHOICE_AMBULETTE,_INC",7548,8,1084
PERFECTING_FAITH_CHURCH_INC,7549,2,1085
PERSISTANT_CAR_SERVICE_CORP,7550,3,1086
PERSONAL_TOUCH_TRANSPORTATION_LTD.,7551,5,1087
PERSONAL_TRANSPORTATION,7552,1,1088
PETER_PAN_BUS_LINES_INC.,7555,4,1089
PETE_&_SALS_HARBORVIEW_TRANSPORTATI,7556,2,1090
P_&_G_TRANSPORTATION_INC,7557,1,1091
PHILIPSTOWN_RECREATION_DEPT.,7559,2,1092
"PHOENIX_TOUR_BUS_,_INC",7562,2,1093
PICKWICK_SCHOOL_INC.,7563,3,1094
PILGRIM_HOLINESS_CHURCH,7566,1,1095
PINE_PLAINS_CENTRAL_SCHOOL,7569,76,1096
PLAINVIEW_OLD_BETH_PAGE_CSD,7580,7,1097
PLATTSBURGH_YMCA,7583,7,1098
PLAYFUL_WONDERS_INC,7584,2,1099
PORT_JERVIS_CITY_SCHOOL_DISTRICT,7590,2,1100
PORTLEDGE_SCHOOL_INC.,7591,4,1101
POST_TIME_ENTERPRISES_INC.,7594,1,1102
POUGHKEEPSIE_CITY_SCHOOL,7596,18,1103
PRATTSBURG_BUS_LINE,7598,34,1104
PRECIOUS_MOMENTS_NURSERY_DAY_CARE,7599,6,1105
PREMIER_PARATRANSIT_LLC,7602,193,1106
PRE_SCHOOL_PLAY_HOUSE_INC.,7605,7,1107
"PRIME_TIME_BUS_CO.,_INC",7609,1,1108
PRIORITY_AUTO_&_FLEET,7612,1,1109
PRIVATE_TRANSPORTATION,7614,21,1110
PROFESSIONAL_TRANSIT_____D/B/A,7617,318,1111
"PROGRAM_DEVELOPMENT_SERVICES,_INC",7618,1,1112
PROGRESS_TRANSIT_INC,7619,2,1113
PRO_MED_AMBULETTE,7620,2,1114
PROMISE_TOURS_INC,7621,8,1115
PUTNAM_CENTRAL_SCHOOL,7628,2,1116
PUTNAM_HEAD_START,7629,3,1117
Q-ROO_TRANSPORTATION,7633,3,1118
QUALITY_BUS_SERVICE_LLC_(DISTRIB),7637,2,1119
QUALITY_TRANSPORTATION_GROUP_INC,7640,1,1120
QUEENS_EXPRESS_BUS_COMPANY,7644,4,1121
RAGGEDY_ANN_&_ANDY_COMPREHENSIVE,7646,2,1122
RAINBOW_AMBULETTE_SVC,7647,18,1123
RAINBOW_MEDICAL_TRANSPORTATION,7651,10,1124
RAINBOW'S_END_DAYCARE,7652,3,1125
RANDALLS_ISLAND_GOLF_SHUTTLE_INC,7656,1,1126
RAQUETTE_LAKE_UNION_FREE_SCHOOL,7661,2,1127
"RB_LINES,_INC.",7666,1,1128
R.C._DIOCESE_OF_SYRACUSE,7667,5,1129
"RCR_TOURS,_INC",7668,1,1130
RD_2_SUCCESS_EXPRESS_INC,7670,2,1131
READY_TO_GROW_LEARNING_CENTER,7671,2,1132
READY_TO_ROLL_TRANSPORTATION_INC,7672,2,1133
"RECEPTIVE_TOURS,_INC",7674,9,1134
REDI_VAN_INC,7678,5,1135
REHABILITATION_&_SUPPORT,7683,3,1136
REHABILITATION_SUPPORT_SERVICES_INC,7684,1,1137
RIDES_UNLIMITED_OF_NASSAU_&_SUFFOLK,7697,248,1138
RIDGE_ROAD_EXPRESS_(LYNDONVILLE),7703,1,1139
RIDGE_ST._SCHOOL,7704,4,1140
RIGHT_CHOICE_LIMOUSINE_LLC,7705,2,1141
RIGHT_CHOICE_TRANSPORTATION,7706,1,1142
RIPEN_WITH_US_CHILD_CARE_CTR.,7708,2,1143
RITE_CHOICE_AMBULETTE,7711,2,1144
ROBERT_BERG,7716,2,1145
ROBIN_BUS_CO._INC.,7717,31,1146
ROCHESTER_SCHOOL_FOR_THE_DEAF,7723,2,1147
ROCKLAND_COUNTRY_DAY_SCHOOL,7726,4,1148
ROCKSHIRE_CORP_DBA_ROCKSHIRE_TRANSI,7728,2,1149
ROLLING_V_BUS_CORP,7733,92,1150
RONDOUT_VALLEY_CENTRAL_SCHOOL,7740,4,1151
ROSA_LEE_YOUNG_CHILDHOOD_CENTER,7741,2,1152
ROSS_SCHOOL,7746,11,1153
ROUND_TRIP_TRANSPORTATION_INC.,7748,4,1154
ROXBURY_CENTRAL_SCHOOL,7749,25,1155
ROYAL_EXPRESS_LINE_CORP,7753,42,1156
ROYALTY_TRANSPORTATION_LLC,7755,2,1157
"ROYAL_WAY_LIMOUSINE,_INC",7756,4,1158
R_&_R_ROAD_LIMOSERVICE_INC,7759,13,1159
R_S_J_H,7762,1,1160
R_&_S_TRANSPORTATION,7763,5,1161
RUMBA_EXPRESS_INC.,7764,2,1162
SACRED_HEART_HIGH_SCHOOL,7773,4,1163
SAFA_AMBULETTE_LLC,7774,6,1164
SAFE_AMBULETTE_CORP,7775,1,1165
SALAMANCA_CITY_SCHOOLS,7782,52,1166
SALMA_TRANSPORTATION_LLC.,7785,16,1167
SALVATION_ARMY_HEMPSTEAD_DAYCARE_CT,7788,2,1168
SAMUEL_FIELD_YM-YWHA,7792,18,1169
SANDRA_TRANSPORTATION,7793,4,1170
SATCO_AMBULETTE_INC.,7804,12,1171
SCARSDALE_UNION_FREE_SCHOOL_DI,7810,167,1172
SCHEN._CO._ACTION_PROG._HEADSTART,7814,9,1173
SCHOLASTIC_BUS_CORP.,7823,24,1174
SCHUYLER_CO._CHAPT._NYSARC,7826,38,1175
SCIO_CENTRAL_SCHOOL_DISTRICT,7828,31,1176
SENIOR_RIDE_TRANSPORTATION_LLC,7837,75,1177
SETTEMBRE_BUS_CO_INC.,7843,24,1178
S_&_F_TRAVEL_INC,7844,6,1179
SHAMUS_COACH,7846,6,1180
SHERMAN_CENTRAL_SCHOOL,7852,35,1181
SHOREHAM_WADING_RIVER_C.S.D.,7856,7,1182
"SKYHAWK_TOURS,_INC.",7870,1,1183
"SKYLINE_TOURS,_LLC",7872,2,1184
SMITHTOWN_GOSPEL_TABERNACLE,7879,6,1185
S_&_N_CHARTERS,7880,3,1186
SOUTH_LEWIS_CENTRAL_SCHOOL,7897,55,1187
SPENCERPORT_CENTRAL_SCHOOLS,7906,173,1188
SPENCER_VAN-ETTEN_CENTRAL,7907,52,1189
S._R._TRANSPORTATION,7913,2,1190
STAN'S_HUMMER_INC.,7917,3,1191
STAR_CITY_LIMOUSINE_INC,7920,8,1192
STARLIGHT_TOURS_INC,7924,3,1193
STEPHANIE'S_SERVICE_INC,7939,4,1194
STERLING_COACH_USA_LLC,7941,2,1195
ST._FRANCIS_PREP,7944,14,1196
ST_JOSEPH_BY-THE-SEA_HIGH_SCHOOL,7949,2,1197
ST._JOSEPH_UNIVERSITY_PARISH,7952,1,1198
STOCKBRIDGE_VALLEY_CENTRAL_SCH,7961,39,1199
STORM_KING_SCHOOL,7962,10,1200
SUFFOLK_TRANSPORTATION_SERVICE,7978,1318,1201
SUNFLOWER_BUS_INC,7984,5,1202
SUNSHINE_CAMP_CORP.,7990,8,1203
SUNSHINE_VILLAGE_CHILD_CARE_CENTER,7993,1,1204
SUPERIOR_AMBULETTE_INC.,7995,14,1205
SUPPORT_TRANSPORTATION_INC.,7999,21,1206
SWARTHOUT_COACHES,8002,25,1207
TALMUD_TORAH_OF_KASHO,8010,6,1208
TALMUD_TORAH_OHR_MOSHE,8011,9,1209
TALMUD_TORAH_TZEMACH_TZADDIKVIZNITZ,8013,2,1210
TATIANA_TRANSPORTATION,8018,1,1211
TAXI_UNLIMITED_INC.,8020,1,1212
TC_HUDSON_VALLEY_AMB_CORP_DBA_TRANS,8022,2,1213
"T_&_C_TOURS,_INC.",8024,2,1214
TEMANA_ASSOCIATES_INC.,8028,46,1215
TERP'S_ENTERPRISES_INC,8029,34,1216
TERRY_TRANS_DBA_MANHATTAN_AMBULETTE,8031,30,1217
T.F.D._BUS_CO_INC.,8032,4,1218
THE_AMAYA_BUS,8035,4,1219
THE_BUFFALO_ACADEMY_OF_THE_SACRED,8036,2,1220
THE_BUFFALO_SEMINARY,8037,6,1221
THE_LOVEBIRDS_BUS_&_VAN_SERVICE,8047,1,1222
THG_TRANSPORT_INC,8061,2,1223
TICONDEROGA_CENTRAL_SCHOOL,8066,49,1224
TINY_TREASURES_DAY_CARE,8069,1,1225
TIOGA_CENTRAL_SCHOOL_DISTRICT,8070,60,1226
T.L.C._BUS_CORP.,8074,1,1227
T.L.C_LIMISOUNE_CROP,8076,2,1228
TNJ_TRANSPORTATION_-D/B/A,8083,1,1229
T.N.T._TRANSPORTATION_INC,8084,9,1230
TOLDOS_MEIR_INC.,8088,5,1231
TOMORROW_TOURS_INC.,8090,1,1232
"TOP_LINE_TRANSPORT,_LLC",8097,6,1233
TOTLEYS_INC.,8102,1,1234
TOUR_LINE_INC,8105,2,1235
"TRANSHELP_TRANSPORTATION_SERVICES,L",8124,1,1236
TRANSXPRESS_SERVICES_INC,8128,17,1237
TRAVEL_BY_SUPERIOR_INC.,8129,3,1238
TRUMANSBURG_CENTRAL_SCHOOL,8139,63,1239
TULLY_CENTRAL_SCHOOL,8146,56,1240
TWINS_AMBULETTE_SERVICE_INC.,8159,10,1241
UNION_AVE._Y,8173,1,1242
UNITED_TALMUDICAL_SEMINARY,8188,9,1243
UNIWORLD_TOURS_INC.,8195,41,1244
UPPER_ROOM_CHRISTIAN_SCHOOL,8196,5,1245
UPSTATE_TRANSIT_OF_SARATOGA_LLC,8197,30,1246
VANYS_TRANS.,8211,2,1247
V&C_TRANSPORTATION,8215,6,1248
WATERFORD_HALFMOON_SCHOOL_DISTRICT,8255,10,1249
WATERLOO_CENTRAL_SCHOOL,8256,65,1250
WAVERLY_CENTRAL_SCHOOL_DISTRIC,8261,41,1251
WAYNE_CENTRAL_SCHOOL,8263,128,1252
"WEDRIVEU,_INC",8273,2,1253
WEST_CANADA_VALLEY_CENTRAL_SCH,8279,40,1254
WESTCHESTER_AMBULETTE_SERVICE_INC.,8280,105,1255
WESTERN_NY_MARITIME_CHARTER_SCHOOL,8287,4,1256
WESTHILL_CENTRAL_SCHOOL_DISTRI,8290,87,1257
"WEST_POINT_TOURS,_INC._(HF)",8295,56,1258
WE_TRANSPORT_INC,8300,99,1259
WE_TRANSPORT_INC.,8304,1,1260
WE_TRANSPORT_INC._(GARDEN_CITY),8305,145,1261
WHITEHOUSE_EARLY_LEARNING_CENTER,8317,1,1262
WHITESANDS_TRANSPORTATION_LLC.,8320,4,1263
WHITNEY_POINT_CENTRAL_SCHOOL,8323,117,1264
WILCOX_MINI_BUS_SERVICE,8325,2,1265
WILLOW_BUS_SERVICE,8330,1,1266
"WOLVERINE_LINE,_INC.",8341,1,1267
WORCESTER_CENTRAL_SCHOOL,8345,29,1268
WORLD_AMBULETTE_TRANSPORTATION_INC,8346,37,1269
YAD_EZRAH_INC.,8353,6,1270
YEHUU_INC.,8357,4,1271
YELED_V'YALDA_EARLY_CHILDHOOD_CTR.,8358,10,1272
YESHIVA_BNOS_AHAVAS_ISRAEL,8363,18,1273
YESHIVA_OF_KINGS_BAY_INC,8371,1,1274
YESHIVA_R'TZAHD,8372,1,1275
YISMACH_LEV_TRANS_CORP,8377,7,1276
YMCA_OF_GREATER_ROCHESTER,8379,14,1277
YMCA_OF_KINGSTON_AND_ULSTER_COUNTY,8380,2,1278
YOUNG_MEN'S_CHRISTIAN_ASSOCIATION,8386,1,1279
YOUR_TRANSPORTATION_SERVICE_INC.,8388,1,1280
ABC_DAY_CARE,8409,2,1281
A_BLACK_TIE_LIMOSINE,8411,1,1282
A_&_B_VAN_SERVICE,8418,38,1283
ACCESS_AMBULETTE,8425,4,1284
ADV0CACY_AND_RESOURCE_CENTER,8454,4,1285
AGRIBUSINESS_CHILD_DEVELOPMENT,8472,10,1286
AHAVA_ACCESS_INC,8474,64,1287
AIRPORT_TRANSPORTATION,8475,12,1288
A_J_TRANSPORTATION,8476,1,1289
ALI_COACH_INC,8493,2,1290
ALLURE_TRANSPORTATION_INC.,8519,11,1291
ALPHA_BUS_COMPANY,8524,3,1292
"ALTAMONT_AVENUE_TAXI,_LLC",8527,3,1293
AMBU-CARE_INC,8543,1,1294
AMERICAN_DREAM_COACHES_INC,8549,2,1295
AMERICAN_GYMNASTICS,8550,2,1296
AMERICAN_TOURS_&_TRAVEL_INC,8556,1,1297
AMERICAN_TRANSIT_OF_ROCKLAND_INC.,8557,20,1298
ANCHOR_BUS_CO_INC,8567,40,1299
ANDES_CENTRAL_SCHOOL,8569,16,1300
ANGEL_CARE_AMBULETTE_INC.,8572,1,1301
ANNA'S_AIRPORT_&_LIMO_SERVICE_INC.,8575,5,1302
ANN_TRANSPORTATION_CORP.,8577,3,1303
AQUINAS_HIGH_SCHOOL,8588,1,1304
AQUINAS_INSTITUTE,8589,6,1305
ARCHBISHOP_MOLLOY_HIGH_SCHOOL,8592,14,1306
ARIES_TRANSPORTATION_SERVICE,8599,114,1307
ARMONK_LIMOUSINE_CAR_SERVICE_INC.,8602,2,1308
"AROUND_NY_TOURS,_INC",8605,1,1309
"AROUND_TOWN_LIMOUSINE,_INC",8606,2,1310
ASC_TRANSPORTATION,8611,19,1311
A_&_S_LIMOUSINES,8614,1,1312
ASPIRITY_TRANS._INC.,8616,1,1313
"ATTITUDE_NEW_YORK,_INC.",8635,1,1314
AUBURN_MEDICAL_TRANSPORT_CO._INC.,8639,8,1315
"A_&_W_TOURS,_INC.",8646,4,1316
BAMBI_TRANSPORTATION,8659,6,1317
BAND_AID_PERSONAL_CARE_SERVICES,8660,1,1318
"BARUKH_MEDICAL_TRANSPORTATION,_INC",8667,55,1319
BASIT-N-TARIO_AMB_SER_LTD,8669,11,1320
BATES_AMBULETTE_SERVICE,8671,10,1321
BEAVER_RIVER_CENTRAL_SCHOOL,8684,53,1322
BEISCHINUCH_BEIKVEI_HATZION_INC.,8690,4,1323
BELLA_BUS_CORP,8692,5,1324
BEST_TRAILS_AND_TRAVEL_CORP,8705,64,1325
BETH_JACOB_DAY_SCHOOL,8709,4,1326
BILAL_EXPRESS_TRANSPORTATION_LTD,8721,3,1327
"BILSCARD_NEW_YORK,_INC.",8722,1,1328
BIRD_BUS_LEASING,8723,1,1329
BISHOP_FORD_CENTRAL_H.S.,8736,4,1330
BISHOP_KEARNEY_HIGH_SCHOOL,8738,4,1331
"BLS_LIMOUSINE_SERVICE_OF_NY,_INC",8753,4,1332
BNOS_CHAYIL,8758,14,1333
BOCES_#1_OF_SUFFOLK,8769,15,1334
BOCES_ORANGE/ULSTER,8782,4,1335
BOCES_OSWEGO_COUNTY,8783,53,1336
BREEZEMONT_DAY_CAMP,8801,10,1337
BRIAR_CENTER_INC,8804,2,1338
BRIDGEHAMPTON_UFSD,8807,2,1339
BRIGHT_BEGININGS_OF_NEW_PALTZ_INC.,8809,2,1340
BROCTON_CENTRAL_SCHOOL,8816,26,1341
BROWN_COACH_INC,8828,51,1342
BRUNO_AMBULETTE_INC.,8833,1,1343
BUNCHES_OF_LOVE_INC.,8842,2,1344
BUSY_BEE'S_TRANSPORTATION,8848,2,1345
B_Z_TRANSPORTATION_CORP,8852,2,1346
CAMPBELL-SAVONA_CENTRAL_SCHOOL,8861,46,1347
CAMP_HILLARD_INC.,8863,2,1348
CANAJOHARIE_CENTRAL_SCHOOL,8868,52,1349
CAPC_OF_JEFFERSON_CO._INC._HEAD_STA,8877,8,1350
CARDINAL_HAYES_HIGH_SCHOOL,8883,8,1351
CAREY_TRANSPORTATION_INC.,8889,1,1352
CARLE_PLACE_U.F.S.D.,8892,2,1353
CARTHAGE_CENTRAL_SCHOOL,8899,189,1354
C&C_AMBULETTE_SERVICES_CORP,8921,14,1355
CECILIA'S_J._TRANSPORTATION,8926,8,1356
CEDI_TRANSPORTATION_SERVICE,8928,13,1357
CHABAD_OF_PORT_WASHINGTON,8939,4,1358
CHAMPLAIN_VALLEY_EDUCATIONAL_SERVS,8942,2,1359
CHARLOTTE_VALLEY_CENTRAL_SCHOO,8947,30,1360
CHECKMATE_TRANSPORTATION_CORP.,8956,9,1361
CHILDREN'S_ACADEMY_OF_MALTA,8967,1,1362
CHILD_&_YOUTH_SERVICES,8971,2,1363
CHITTENANGO_CENTRAL_SCHOOL,8972,100,1364
CHRISTIAN_AMBULETTE_INC,8975,68,1365
CIH_TOURS_INC,8981,2,1366
CLIFTON_FINE_CENTRAL_SCHOOL,9001,28,1367
CLINTON_CENTRAL_SCHOOL,9002,54,1368
CONG_KOLLEL_NOAM_ELIMCH_LITZENKS,9034,4,1369
"CONGREGATION_TALMUD_TORAH,_INC",9046,3,1370
CONTINENTAL_LIMOUSINE_LLC,9051,2,1371
COPENHAGEN_CENTRAL_SCHOOL,9054,38,1372
COSMO_JA_CORP,9061,1,1373
CRESTWOOD_COUNTRY_DAY_SCHOOL,9074,19,1374
CRISTO_REY_NY_HIGH_SCHOOL,9076,1,1375
CROSSTOWN_TRANS_INC,9078,22,1376
"CRYSTAL_COACH_CHARTERS,_INC.",9081,3,1377
"CUSTOM_COACH_AND_LIMO,_LLC",9084,3,1378
DEAD_APPLE_TOURS_LLC,9099,2,1379
DECAMP_BUS_LINES,9100,16,1380
DEFILE_TRANSPORTATION_INC.,9104,26,1381
DELAWARE_ACADEMY_&_CENTRAL_SCH,9105,48,1382
DELL_TRANSPORTATION_CORP.,9109,235,1383
DELUX_LIMOUSINE_SERVICE_INC.,9110,19,1384
DERECH_TRANSPORTATION_LLC,9115,7,1385
DOANE_STUART_SCHOOL,9135,4,1386
DONSON_TRANSPORTATION_SERVICE,9139,13,1387
DOOR_TO_DOOR_AMB_SERV_OF_NY_LLC,9143,4,1388
DORCAL_EDENWALD,9144,6,1389
"DTS,INC.DBA_DOMINO_TRANSPORT_SERVIC",9148,53,1390
DUVOR_TOV,9158,4,1391
DYNASTY_LIMOUSINES,9161,16,1392
EARL_A._TITUS,9164,2,1393
EASTERN_BUS_SERVICE_INC,9168,1,1394
EASTERN_SCHOOL_BUS_CORPORATION,9170,7,1395
ECLIPSE_TRANSPORTATION_CORPORATION,9183,1,1396
ELDERWOOD_TRANSPORTATIONCOMPANY_LLC,9196,25,1397
ELIZABETH_FEULNER,9200,2,1398
ELLICOTTVILLE_CENTRAL_SCHOOL,9203,40,1399
ELMONT_U.F.S.D.,9206,111,1400
EMERALD_TRANSPORTATION,9211,4,1401
EMMA_WILLARD_SCHOOL,9215,15,1402
"EMPIRE_STATE_MEDI-CAB,_INC.",9223,26,1403
ENCHANTED_COACH_CORP.,9224,10,1404
ESCORT_LIMO_INC,9232,2,1405
E_SHOLOM_INC,9234,7,1406
ESTHER_TRANSPORTATION_INC,9236,11,1407
EVE_CONSOLIDATED_BUSINESS_ENT._INC.,9242,19,1408
EXPERIENCE!_THE_FINGER_LAKES_LLC,9253,4,1409
FABIAN_TRAVEL_AND_TOURS_INC,9256,2,1410
FACILITY_TRANSPORT_SOLUITION_INC,9258,12,1411
FAITH_ASSEMBLY_OF_GOD,9260,2,1412
FALCONER_CENTRAL_SCHOOL,9264,42,1413
FAST__HELP_AMBULETTE,9275,20,1414
FELLOWSHIP_BAPTIST_CHURCH,9281,1,1415
FIRST_BIBLE_BAPTIST_NORTHSTAR,9293,8,1416
FIRST_TRANSIT_OF_PLATTSBURGH,9347,34,1417
FISHERS_ISLAND_SCHOOL,9352,2,1418
FOBARE'S_AMBULETTE_SERVICE,9362,2,1419
FOREST_HILLS_NURSERY_&_KINDER,9366,4,1420
FORWARD_AMBULETTE_INC.,9373,2,1421
FRARY_MEDICAL_TRANSPORT,9386,17,1422
F&T_MEDICAL_TRANSPORTATION,9399,5,1423
FULL_GOSPEL_N.Y._CHURCH,9400,1,1424
GALAXY_LUXURY_COACH_INC.,9404,1,1425
GALLAGHER_BUS_SERVICE_CORP.,9406,61,1426
GERSHOWITZ_TRANSPORTATION_INC,9429,1,1427
GIRLIES_AMBULETTE_SERVICE_INC,9436,13,1428
GOLDEN_AGE_ADVENTURE_TRAVEL_CORP.,9450,6,1429
GOLDEN_AGE_COACH_EXPRESS_INC,9452,2,1430
GOTHAM_GOLD_BUS_CORP,9464,2,1431
GRAND_AMBULETTE_SERVICE,9472,45,1432
"GRAPEVINE_COUNTRY_TOURS,_INC.",9478,2,1433
GREAT_NECK_U.F.S.D.,9486,42,1434
GUILFOYLE_AMBULANCE_SERVICE,9503,11,1435
GUYMACK_EXPRESS_INC,9504,2,1436
HAMILTON_CENTRAL_SCHOOL,9515,31,1437
HAMPTON_TRANSPORTATION_VENTURES_INC,9519,33,1438
HANARO_NY_TOURS_INC,9520,2,1439
HERITAGE_HOUSE_CHILD_CARE_CENTER,9554,2,1440
HIGH_HELLO_CHILD_DAY_CARE_CENTER,9565,3,1441
HIGHLAND_FALLS_FT._MONTGOMERY_C.S.D,9568,1,1442
HIS_&_HERS_COACHWAYS_INC,9572,4,1443
H.I.S.INTERNATIONAL_TOURS(NY)INC.,9573,4,1444
HOPEVALE_UNION_FREE_SCHOOL_DISTRICT,9589,1,1445
HUMMER_TRANSPORTATION,9607,6,1446
HUNTER_AMBULETTE-AMBULANCE_INC,9608,13,1447
IMMACULATA_ACEDEMY,9622,2,1448
IMMANUEL_GROUP_INC,9624,4,1449
INDEPENDENT_COACH_CORP,9627,259,1450
INFINITE_TRAVEL_CORP,9632,1,1451
INNER_FORCE_TOTS_INC.,9633,1,1452
INTEGRITY_CARE_AMBULETTE,9634,2,1453
JACOB_SURKIS,9656,1,1454
JAMZONE_VAN_SERVICE_INC,9661,1,1455
JEFFERSON-LEWIS_BOCES,9673,4,1456
JERICHO_PUBLIC_SCHOOLS,9676,14,1457
J._HANUKOV_BUS_SERVICE,9680,17,1458
J_&_J_TRANS_&_VAN_SERVICE_INC,9683,2,1459
J_&_J_VAN_SERVICE,9684,6,1460
KAREN'S_TRANSPORTION_CORP,9708,4,1461
KATHERINE_TRANSPORTATION,9711,4,1462
KEMP'S_BUS_SALES_LLC,9717,24,1463
KHAL_IMREI_CHAIM,9729,2,1464
KINDER_CARE_LEARNING_CENTER,9739,4,1465
KINGLY_COACH_INC.,9742,9,1466
KINGSBRIDGE_INNOVATIVE_DESIGN_CS,9744,1,1467
KRYSTALE_VAN_LINES,9754,1,1468
LAERN_&_PLAY_CENTER_INC,9759,6,1469
LAIDLAW,9763,5,1470
LANSING_CENTRAL_SCHOOL,9781,57,1471
LAUREN_AMBULETTE_TRANSPORTATION,9785,1,1472
LEGACY_LIMOUSINES_BY_M&J,9792,1,1473
LEGEND_LUXURY_TRANSPORTATION_INC,9795,1,1474
LEIF_ERICSON_DAY_SCHOOL,9796,3,1475
LEMOSTOURS_INC,9799,1,1476
LESRAINE_TRANSIT,9807,4,1477
"LIBERTY_ENTERPRISES,_INC.",9814,12,1478
LIFETIME_ASSISTANCE_INC.,9820,26,1479
LIGHTHOUSE_TRANSPORTATION_SERVICES,9822,2,1480
LIN-WILL_TRANSPORTAION_INC,9829,2,1481
LITTLE_TREASURES_CHILD_CARE_HOME_IN,9842,3,1482
LONG_BEACH_PUBLIC_SCHOOLS,9854,130,1483
LONG_ISLAND_PARTY_BUS_INC,9857,1,1484
LONG_ISLAND_SHUTTLE_CORP,9859,2,1485
L&R_LIMO_BUS_INC,9871,4,1486
L&W_EXPRESS_VAN_SERVICE_CORP,9882,3,1487
MAJOR_AMBULETTE_CORP,9897,15,1488
"MANHATTAN_ATHLETICS,_LLC",9906,6,1489
MARGARETVILLE_CENTRAL_SCHOOL,9915,34,1490
MARINA_AMBULETTE_SERVICES_INC,9917,4,1491
MASSAPEQUA_PUBLIC_SCHOOLS,9925,3,1492
MATTHEW_BUSES_INC,9931,1,1493
MATTHEWS_BUSES_INC.,9934,1,1494
MAYFIELD_CENTRAL_SCHOOL,9938,41,1495
MAZAL_BUS_SERVICE_INC,9941,1,1496
MECHANICVILLE_PUBLIC_SCHOOLS,9948,47,1497
MEDICAL_EXPRESS_INC,9952,2,1498
METRO_BUS_CORP.,9969,2,1499
MIDDLETOWN_CITY_SCHOOL_DISTRIC,9979,1,1500
MINI_BUS_SERVICE_CORP,9995,1,1501
MIRRER_YESHIVA_CENTRAL_INSTITUTE,9997,5,1502
MITCHELL_RECORD,9999,2,1503
4AM_ENTERPRISES_LLC,6,2,1504
A-1_QUALITY_LIMO_SERVICE_LLC,9,1,1505
AAA_FIRST_CHOICE_LIMOUSINE_SRVC_INC,11,0,1506
A_&_A_SERVICE,15,6,1507
ABI_LIMOUSINE_INC.,21,3,1508
ABILITIES_FIRST_INC.,22,0,1509
"ABILITIES_FIRST,_INC",23,0,1510
ABLE_MEDICAL_TRANSPORTATION,26,26,1511
"ABLE_TRANSPORTATION_EQUIPMENT,_INC.",28,3,1512
ABRAHAM_TRANSPORTATION_SERVICE,29,19,1513
ACADEMY_OF_THE_HOLY_NAMES,35,5,1514
ACCESS_SUPPORTS_FOR_LIVING,39,3,1515
ACCORD_PROJECT_HEAD_START,41,12,1516
"ACE_LIMO_NY,_INC.",44,1,1517
ACME_BUS_CORP.,49,20,1518
ACME_BUS_CORP_(BRIARCLIFF),51,3,1519
ACT_AMBULETTE_INC,57,59,1520
ADIRONDACK_CENTRAL_SCHOOL,62,63,1521
ADRILLIZZ_TRANSPORTATION,68,5,1522
ADS_BUS_SERVICE_INC,69,0,1523
ADVANTAGE_TRANSPORTATION_INC.,76,1,1524
AEROEXPRESS_INC,81,2,1525
AFFORDABLE_LIMO_SERVICE.COM,82,2,1526
AGEE_INTERNATIONAL_INC,86,2,1527
ALBANY_EXPRESS,99,2,1528
AL_KHOEL_BENEVOLENT_ASSOCIATIO,111,7,1529
ALL_CORPORATE_TRANSPORT_INC,118,2,1530
ALLIANCE_BUS_GROUP,127,0,1531
ALLIANCE_LIMOUSINE,128,4,1532
ALLMEDICAL_AMBULETTE_INC.,132,13,1533
"ALL_TOUR_OF_AMERICA,_INC.",136,0,1534
ALL_TOWN_CENTRAL_TRANSPORTATION,137,32,1535
AL-MAMOOR_SCHOOL,143,2,1536
ALMAZ_TRANSPORTATION_INC,144,28,1537
AMBOY_BUS_CO._INC.,156,2,1538
AMBULETTE_STAR_TRANS._INC.,163,37,1539
AMERICAN_BIOMEDICAL_AMBU_SERVICE,167,6,1540
AMERICAN_STAR_SHUTTLE,173,0,1541
AMERICA'S_MEDICAL_TRANSPORT,176,3,1542
AMERILIMO_LLC,177,0,1543
AM_USA_EXPRESS_INC.,181,6,1544
AMY_TRANSPORTATION_INC,182,3,1545
ANGIE'S_LIMO_SERVICE_LLC,192,1,1546
ANNA_TRANSPORTATION_CORP,195,2,1547
ANTNANNZ_TRANSPORTATION_SERVICES_IN,199,2,1548
A_&_N_TRANSIT_CORP.,200,6,1549
APITIUDE_ENTERPRISES,205,3,1550
APPLE_TRAVEL_LIMO_SERVICE_INC,211,1,1551
AR-COL_TRAVEL_ARRANGEMENTS_INC,219,0,1552
"ARC_XVI_FORT_WASHINGTON,_INC",220,0,1553
"ARJ_TRANSPORTATION,_INC",227,2,1554
ASIANA_LIMOUSINE_INC,235,1,1555
ASIAN_EXPRESS_TRAVEL_INC,236,16,1556
ASSISTED_TRANSP.OF_LONG_ISLAND_INC.,238,3,1557
ASSOCIATED_BETHRIVKAH_SCH_HD_START,241,9,1558
ASTORIA_TRANSPORT_CORP.,243,0,1559
ATLANTIC_QUEENS_BUS_CORP.,249,0,1560
AT_YOUR_SERVICE_TOURS_&_COACH_CORP,258,0,1561
AVA_AMBULETTE_CORP.,263,21,1562
BAIS_BROCHO,275,0,1563
BAIS_TZIPORAH,278,12,1564
BANKS_LIMOUSINE_SERVICES_INC.,289,2,1565
BARNES_TRANSPORTATION_CO_LLC,293,4,1566
BAS_MIKROH_GIRLS_SCHOOL,298,2,1567
BAUMANN_&_SONS_BUSES_INC(BRIARCLIF),304,2,1568
BAYIS_ESTER,307,24,1569
BAY_RIDGE_PREPATORY,309,2,1570
BEDERECH_TRANSPORTATION_LLC,315,6,1571
BEDFORD_C.S.D.,316,0,1572
BENJAMIN_&_SONS_LLC.,332,4,1573
BERHOLD_LIMOUSINE,333,2,1574
BEST_LIMOS_SERVICE_&_WINE_TOURS,340,2,1575
BETH_GAVRIEL_BURHARIAN_CONG.,345,2,1576
BEYOND_LIMITS_LIMOUSINE_SERVICES,353,1,1577
B_&_F_BUS_CO_INC.,354,7,1578
BIAS_TRANY_OF_MONSEY_(GIRLS_SCHOOL),356,8,1579
BIG_BEN_TRANSPORTATION_INC,357,1,1580
BIG_CITY_TRAILS_INCORPORTATED,359,0,1581
BIG_M_TOURS_DBA_MCMILLIAN_TOURS,360,1,1582
BIRD_BUS_CENTER_INC.,362,0,1583
B.I.V._AMBULETTE,383,4,1584
BLACK_DIANOND_TRANS_INC.,384,2,1585
BLACK_TIE_LIMOUSINE,388,0,1586
BLESSED_VIRGIN_MARY_ACADEMY,389,0,1587
BLUELINE_INC,394,0,1588
BLUE_SKY_BUS_TOUR_INC,395,15,1589
BLUE_STAR_BUS_INC.,396,1,1590
BLUESTONE_LIMO_INC,397,2,1591
BNOS_CHAYA,400,2,1592
BOBMAR_TRANSPORTATION_INC.,409,1,1593
BOCES_GENESEE_VALLEY_(LEROY),418,9,1594
BOCES_J.L.H.H.O,421,4,1595
BOCES_MADISON_ONEIDA,422,25,1596
BOCES_TOMPKINS_SENECA_TIOGA_CO,428,26,1597
BORO_CRESCENT_CORP,433,1,1598
BORO_WIDE_BUSES_INC.,435,1,1599
BOSTON_COACH_-_NEW_JERSEY_CORP,436,0,1600
BOSTON_DELUXE_INC,437,10,1601
BRADFORD_CENTRAL_SCHOOL_DISTRI,440,23,1602
BRANT_LAKE_TAXI_&_TRANSPORT_SERVICE,441,0,1603
BROOME_TIOGA_NYSARC-ACHIEVE,465,0,1604
BROTHERS_TRANSPORTATION_CORP,466,48,1605
BROWN_BUS_SERVICE_INC,468,81,1606
BROWNCROFT_DAY_CARE_CENTER,470,6,1607
BROWNIN_TRANSPORTATION_INC,471,13,1608
BROWNS_DOUBLE_XX_EXPRESS_LLC,472,2,1609
BUFFALO_BUS_LINES_LLC,477,5,1610
BURNT_HILLS_BALLSTON_LAKE_CEN._SCH.,481,140,1611
BUSESNVANS_CORP,483,0,1612
BUS_R_US_TRANSP,485,3,1613
"BUS_TRAVELERS_CONNECTION,_LLC",486,1,1614
CALEDONIA-MUMFORD_CENTRAL,496,40,1615
CALLAVAN_TRANSPORTATION,497,3,1616
CAMP_FUN_SPOT,503,5,1617
CAMP_KIWI_LLC,504,0,1618
CANTALICIAN_CENTER,515,2,1619
CAPRICORN_LIMOUSINE_SERVICE_INC,522,4,1620
CARAOUSEL_OF_LEARNING_INC,523,2,1621
CASANOVA_CARRIAGE,541,5,1622
CASH_WORLD_TOURS_INC,543,8,1623
CASSADAGA_VALLEY_CENTRAL,544,59,1624
CATHAY_EXPRESS_TRANSPORTATION;_INC,547,9,1625
CATHOLIC_CHARITIES_OF_THE_R.C.D._OF,551,0,1626
CATHOLIC_MANAGED_ARCHCARE,552,0,1627
CATTARAUGUS_LITTLE_VALLEY_CS,555,70,1628
CAULEY_COACH_CORP.,557,4,1629
CAZENOVIA_CENTRAL_SCHOOL,559,62,1630
CBR_TRANSPORT_LLC,562,2,1631
C.C.B._SCHOOL_OF_FLUSHING,567,2,1632
CENTER_TRANSPORTATION_SERVICES_INC.,576,5,1633
CENTRAL_UTA_OF_MONSEY,581,8,1634
"CHAUTAUQUA_ADULT_DAY_CARE_CENTERS,",600,0,1635
"CHAUTAUQUA_COUNTY_CHAPTER_NYSARC,_I",601,0,1636
CHAUTAUQUA_LAKE_CENTRAL_SCHOOL,602,52,1637
"CHEESE_BUS,_INC.",607,3,1638
CHENANGO_FORKS_CENTRAL_SCHOOL,609,70,1639
CHILDREN_OF_AMERICA,617,5,1640
C._H._MEDICAL_TRANSPORT,625,1,1641
CHURCHVILLE-CHILI_CENTRAL,632,209,1642
CINCINNATUS_CENTRAL_SCHOOL,635,36,1643
"CITI_COACH_NYC,_INC.",637,0,1644
CITI_TRAVEL_INC,638,2,1645
CITYSQUASH_INC,645,0,1646
CLARENCE_HENRY_COACH_LLC,651,10,1647
C.L.C._TRANSPORTATION_INC.,654,36,1648
CLYDE-SAVANNAH_CEN._SCH.,662,41,1649
CLYMER_CENTRAL_SCHOOL,663,30,1650
COAST_2_COAST_TRANSPORTATION,668,4,1651
COBLESKILL_RICHMONDVILLE_C/S,670,134,1652
COMFORT_AMBULETTE_SERVICE_INC.,677,7,1653
COMMONWEALTH_WORLDWIDE_CHUFFERED_TR,679,0,1654
COMMUNITY_SERV_FOR_THE_DEVELOP_DISA,680,0,1655
CONG._BAIS_MALKA_INC.,684,15,1656
CONG._BNEI_MELUCHIM_INC.,687,1,1657
CONG._NOIAM_MGODIM,693,4,1658
CONGREGATION_CHASDEI_CHAYA,700,4,1659
COOL_RUNNINZ_INC.,709,0,1660
COOPERSTOWN_HOP_ON_TOURS,711,0,1661
CORBETT_COACH_INC,714,1,1662
COUNTY_EXPRESS_LLC,722,3,1663
"COUNTY_OF_ERIE,_DBA_DEPARTMENT_OF_S",723,0,1664
CP_LIMOUSINE_&_CONSULTING_SERVICES,730,1,1665
C_&_P_TRANSPORTATION,731,2,1666
CRISTAR_ENTERPRISE_CORP,737,3,1667
CUBA-RUSHFORD_CENTRAL_SCHOOL,744,45,1668
CU_TRANSIT_INC.,747,0,1669
CUTTING_EDGE_TAE_KWON_DO_INC.,748,2,1670
DANIEL_HN_R_INC,752,1,1671
DANIEL'S_I_INC,754,1,1672
D_&_A_TOURS,758,3,1673
DAVID_AUTO_INC.,759,6,1674
DAY_N_NITE_TOURS_AND_LIMOUSINE_SVC,761,0,1675
DAZZLE_SCHOOL_OF_VISUAL_&_PERFORMIN,762,0,1676
D_&_D_DAY_CARE_INC.,767,3,1677
DEDICATED_TRANSPORTATION_INC,769,3,1678
DEEDS_TRANSIT_LLC,770,1,1679
DEERWOODS_TRAVEL_INC,772,1,1680
"DEPAUL_ADULT_CARE_COMMUNITIES,_INC",781,0,1681
DESHI_MANAGEMENT_INC,788,6,1682
DESIGNER_LIMOUSINE_INC,789,0,1683
"DEVEREUX_FOUNDATION,_DBA_THE_DEVERE",794,0,1684
DEVILLE_BUS_CO_INC,795,0,1685
"DIGNITY_TRANSPORT,_LLC",805,1,1686
D_&_I_LUXURY_TRANSPORTATION_INC,806,0,1687
D&J_SERVICE_INC,807,62,1688
D.L.C._LIMOUSINE_SERVICE_INC.,809,3,1689
D.N.S._TRANSPORTATION,811,1,1690
DOMINICAN_VILLAGE,814,0,1691
"DON_BROWN_BUS_SALES,_LI,NYC",816,0,1692
D&O_TRANSPORTATION_SERVICES_INC,822,2,1693
DPC_LIMOUSINE_LLC,825,0,1694
DRIVEN_GLOBAL_LLC,826,0,1695
DURAMA_TOURS_INC.,834,5,1696
DWIGHT_SCHOOL,847,3,1697
D_&_W_TOUR_NY_INC,849,2,1698
EAGLE_TOURS_INC.,851,10,1699
EASTERN_COACH_INC,857,28,1700
EAST_GREENBUSH_CENTRAL_SCHOOL,861,236,1701
ECMC_LIFELINE_FOUNDATION,873,0,1702
ECS_TRANSPORTATION_LLC,874,0,1703
EDEN'S_TRANSPORTATION_CORPORATION,876,2,1704
EDISON_TECHNICAL_&_OCCUPATIONAL_CEN,879,0,1705
EDMESTON_CENTRAL_SCHOOL,880,39,1706
EDUCATIONAL_BUS_TRANSPORT_(HUDSON),884,39,1707
EDUCATIONAL_INST._OHOLEI_TORAH,886,0,1708
"EIHAB_HUMAN_SERVICES,_INC",893,0,1709
ELDRED_CENTRAL_SCHOOL,897,40,1710
ELEGANTE_SERVICES_INC.,898,4,1711
EMA'S_AMBULETTE_INC.,910,0,1712
EMES_TRANSPORTATION_INC,912,7,1713
EMILY_TRANSPORT_LTD,913,2,1714
EMPIRE_BUS_SALES_LLC,916,0,1715
EM_STAR_AMBULANCE_INC.,925,20,1716
"ENDEAVOR_TRANSPORTATION,_LLC",927,4,1717
ENDICOTT-UNION_INC,928,0,1718
ENNEL_ENTERPRISES,930,7,1719
ERA_TOURS_INTERNATIONAL_INC,932,0,1720
"ERIE_COUNTY_CHAPTER_NYSARC,_INC",933,0,1721
E&R_TOURS_INC,936,2,1722
EXCELLENT_LIMOUSINE_PLUS,951,1,1723
"EZ_TOURS-NY,_INC.",961,2,1724
FAITH_HERITAGE_SCHOOL,968,2,1725
FAMILY_RESIDENCE_AND_ESSENTIAL_ENT,974,0,1726
FARAMOND_TRANSPORTATION,979,1,1727
FAYETTEVILLE-MANLIUS_C/S,982,131,1728
FINGERLAKES_COACH,991,10,1729
FINGER_LAKES_FANTASTIC_TOURS,992,0,1730
FIRST_ADVANCED_CARE_INC/DBA_ADVANCE,995,10,1731
"FIRST_CLASS_LIMOUSINE_OF_ITHACA,LLC",1001,0,1732
FIRST_STEPS_PRE-SCHOOL_CENTER_INC.,1006,1,1733
FIRST_STUDENT_(MIDDLE_ISLAND),1043,116,1734
FIRST_STUDENT_(MILLERSPORT),1044,50,1735
FIRST_TRANSIT_/_PUTNAM,1058,1,1736
FLAVIA_TOURS_INC,1063,0,1737
FRANKLINVILLE_CENTRAL_SCHOOL,1092,40,1738
FRIENDLY_RIDE,1096,2,1739
FRIENDSHIP_AMBULETTE,1098,0,1740
FRIENDSHIP_CIRCLE_OF_THE_NORTHSHORE,1101,2,1741
FRIENDS_SEMINARY,1102,4,1742
FRISKY_WINE_TOURS,1103,2,1743
FULTON_COUNTY_CHAPTER_OF_NYSARC.INC,1109,2,1744
F&Y_TRAVEL_INC,1111,0,1745
GALAXY_TRANSPORTATION,1115,40,1746
GATES-CHILI_CENTRAL_SCHOOL,1122,177,1747
"GDM,INC.(DBA_ROCHESTER_SHUTTLE",1125,10,1748
GENESIS_AMBULETTE_INC.,1138,1,1749
GENEVA_AGRI-CHILD_CARE_PROGRAM,1139,11,1750
GENEVA_NURSING_HOME,1141,0,1751
GERMAN_TRANSPORTATION_INC.,1144,5,1752
GIO'S_TRAVEL_INC.,1149,7,1753
GIRLS_CLUB_OF_WESTERN_BROOME_INC.,1150,4,1754
GLEN_COVE_BOYS_AND_GIRLS_CLUB,1152,0,1755
GLOBAL_AMBULETTE_INC.,1154,1,1756
GLOVERSVILLE_ENLARGED_SCHL_DISTRICT,1160,2,1757
G_&_M_AMBULETTE_SERVICE_INC.,1162,20,1758
GO_BUS_AMERICA_INC,1164,0,1759
GO_BUS_LLC,1165,9,1760
GO_GRUDA_LIMO_INC,1166,0,1761
GOLDCREST_LUXURY_TRANSPORTATION_INC,1168,10,1762
GORMAN_BUS_SALES,1182,0,1763
GORMAN_ENTERPRISES_(LOANER),1183,1,1764
GOTHAM_COACH_SERVICES_INC,1185,0,1765
GRACE_BIBLE_BAPTIST_CHURCH,1192,2,1766
GRAND_ISLAND_LIMOUSINE,1197,1,1767
GRAND_PARADISE_TRAVEL_SERVICE_INC,1200,2,1768
GREATER_FIVE_TOWNS_YM_&_YMHA,1209,0,1769
GREATER_JOHNSTOWN_SCHOOL_DISTR,1210,1,1770
GREAT_LAKES_TROLLEY,1212,10,1771
GREAT_RIDES_&_TOURS_INC,1214,1,1772
GREENE_CENTRAL_SCHOOL,1219,54,1773
GROWING_HAPPY_GROUP_FAMILY_DAYCARE,1229,0,1774
GUARDIAN_PARATRANSIT,1233,1,1775
HAITIAN-AMERICAN_UNITED_FOR_PROGRES,1244,0,1776
"HALE'S_BUS_GARAGE,_LLC",1246,0,1777
HAMASPIK_OF_ORANGE_COUNTY,1249,0,1778
HAMMOND_CENTRAL_SCHOOL,1251,21,1779
HAMPTON_HOPPER_LLC,1253,1,1780
HANCOCK_CENTRAL_SCHOOL,1255,31,1781
HANOVER_PLACE_CHILD_CARE,1258,0,1782
HAPPY_FACES_TRANSPORTATION_SERVICE,1263,2,1783
HAPPY_QQ_INC.,1265,0,1784
HARLEM_EXPRESS_ENTERPRISES_LLC,1268,0,1785
HARMONIOUS_GRAND_TOURS_CO_LTD,1269,0,1786
HARRIS_TRANSPORT,1271,2,1787
HASC_TRANSPORTATION_CORP,1274,16,1788
"HD_TRAVEL_&_TOURS,_INC.",1283,1,1789
HEAD_INJURY_ASSOCIATION,1284,0,1790
HEAVENLY_AMBULETTE,1287,10,1791
"HENRY_L._HILL,_INC.",1291,1,1792
HERITAGE_CHRISTIAN_SERVICES_INC,1295,0,1793
HERNANDEZ_ENTERPRIZE,1301,2,1794
HERRICKS_UNION_FREE_SCHOOL_DISTRICT,1302,49,1795
HFM_REGIONAL_TRANSPORTATION_SERVICE,1305,95,1796
HICKSVILLE_PUBLIC_SCHOOL,1307,7,1797
HINSDALE_CENTRAL_SCHOOL,1313,30,1798
H_&_J_BUS_TOURS_INC.,1317,1,1799
H.L.M._TOURS_INC,1318,2,1800
HOLY_CHILDHOOD,1322,10,1801
HOLY_CROSS_H.S.,1323,12,1802
HOOSAC_SCHOOL,1328,12,1803
HUAN-YU_EDUCATIONAL_CENTER_INC.,1339,4,1804
HUDSON_RIVER_TOURS_INC.,1342,0,1805
HUMAN_FIRST,1348,0,1806
HYUNDAI_TOURS_&_TRAVEL_INC,1359,0,1807
ICHABOD_CRANE_CENTRAL_SCHOOL,1364,117,1808
IMMACULATA_ACADEMY,1366,2,1809
INDIVIDUAL_TRANSPORTATION_SVC.,1375,4,1810
"IN_FLIGHT,_INC",1376,0,1811
INTERGRITY_TRANSPORTATION_INC,1379,0,1812
IONA_PREPARTAORY_SCHOOL,1381,19,1813
ISLAND_RIDE_TRANSPORTATION_SVC._INC,1389,0,1814
IVY_LEAGUE_SCHOOL_INC.,1393,2,1815
JACKSON_CHILD_DEVELOPMENT_CENTER,1395,2,1816
JACQUELINE'S_BUS_TRANS._CORP,1398,0,1817
JAH_LOVE_TRANSPORTATION,1399,4,1818
JASPER-TROUPSBURG_CENTRAL_SCHO,1403,33,1819
J.C.C._OF_SYRACUSE,1406,2,1820
JENDA_TRANSPORTATION,1413,0,1821
JENIFER_TRANS_INC.,1414,3,1822
JEWISH_COMMUNITY_CENTER_OF_SI,1419,1,1823
JEWISH_COMMUNITY_CENTER_OF_S.I.,1420,1,1824
JEWISH_HOME_&_HOSPITAL_-_BRONX_DIV.,1422,2,1825
JEWISH_HOME_LIFECARE_TRANSPORTATION,1423,0,1826
JHC_FOUNDATION_INC.,1427,1,1827
JOHN_F._KENNEDY_CATHOLIC_H.S.,1437,2,1828
JOHNSBURG_CENTRAL_SCHOOL,1438,29,1829
JOVIAL_WORLD_CORP,1445,8,1830
J_PULVER_INC.,1447,1,1831
JT_LIMOUSINE_INC,1450,2,1832
J.V.M_TRANSPORTATION_INC,1452,2,1833
K_AND_G_SERVICES_INC,1453,2,1834
KASER_BUS_SERVICE_INC,1455,4,1835
KELGAR_TRAVELS_LLC,1461,0,1836
KESHES_INC_DBA_RAINBOW_AMBULETTE,1471,25,1837
KIDDIN_AROUND_TOWN_INC.,1478,9,1838
KIDS_CAPITAL_DAY_CARE_INC.,1480,2,1839
KIDS_IN_SPORTS_TRANSPORTATION_LLC,1481,1,1840
KIDSRUS_DAY_CARE_CENTER,1483,0,1841
KIDS_TRANSIT_INC,1484,1,1842
KING_EMANUEL_TOURS,1488,2,1843
KIPS_BAY_BOY_&_GIRLS_CLUB,1492,2,1844
KIRYAS_JOEL_SCHOOL_DISTRICT,1494,4,1845
KLAV_TRANSIT_LLC,1497,8,1846
KRYSTAL_TOURS_AND_TRANS.LTD.,1502,2,1847
L.A._EXPRESS_&_LIMOUSINE_LTD,1505,2,1848
LAFARGEVILLE_CENTRAL_SCHOOL,1506,24,1849
LAIDLAW_#624,1508,5,1850
LEARNINGTREE_OF_DOUGLASTON_LLC,1530,2,1851
LEARN_&_PLAY_CENTER_INC,1532,1,1852
LEESEL_TRANSPORTATION_CORP.,1533,12,1853
LEFRA_TRANSPORTATION_INC,1534,9,1854
LEONARD_BUS_SALES,1542,0,1855
LEONARD_BUS_SALES__(BERGEN),1543,0,1856
LEONARD_BUS_SALES_(GARDEN_CITY),1544,0,1857
LEONARD_BUS_SALES_(ROME),1546,0,1858
L_F_LIMOUSINE_SERVICE_CORP,1557,2,1859
"L.I._BREW_BUS,_LLC",1563,1,1860
LIFE_ENRICHMENT_CENTER_AT_OYSTER,1566,0,1861
LIMO_&_BUS_&_TRUCK_FLEET_SERVICES,1573,0,1862
LITTLE_FALLS_FONDA_BUS_CORP.,1579,26,1863
LITTLE_FLOWER_CHILDRENS_&_FAM._SERV,1580,0,1864
LITTLE_LINDA_BUS_CO_INC,1581,35,1865
LITTLE_MUNCHKINS,1583,3,1866
LITTLE_ONES_NURSERY_AND_DAY_CARE,1584,2,1867
LITTLE_STARS_DAY_SCHOOL,1589,3,1868
LITTLE_SWEET_ANGELS_NEW_YORK_LLC,1590,4,1869
LIVINSAVED_TRANSPORTATION,1595,2,1870
LIVONIA_CENTRAL_SCHOOL_DISTRIC,1596,96,1871
L_&_L_BUS_TRANSPORTATION_INC,1597,3,1872
L&M_LIMOUSINE_SERVICE_CORP.,1600,2,1873
LONG_ISLAND_PARTY_LIMO_CORP.,1608,5,1874
LONGTON_EXPRESS_INC,1610,2,1875
LORETTO_INDEPENDENT_LIVING_DBA_PACE,1614,0,1876
MAIN_STREET_LIMOUSINE,1646,2,1877
MANCHESTER-SHORTSVILLE_CENTRAL,1652,48,1878
MANCUSO_COUNTRY_AUTO_(LIMO),1653,30,1879
MANHATTAN_AMBULETTE,1655,18,1880
MANNYS_BUS_SERVICE_INC,1658,4,1881
MARSH_BUS,1671,2,1882
MARVELOUS_MANHATTAN_TOURS_NYC_INC,1674,1,1883
MATTHEWS_(23433)LOANER,1681,2,1884
MATTHEWS_BUSES,1683,4,1885
MAYFAIR_LIMOUSINE_CORP.,1688,1,1886
MCGRAW_CENTRAL_SCHOOL,1694,32,1887
MEDINA_CENTRAL_SCHOOL_DISTRICT,1703,84,1888
MEIR_TRANSPORT_LLC,1708,0,1889
MENNONITE_RIDE_LLC,1711,4,1890
"MENTAL_HEALTH_ASS_INDUTCHESS_CO,INC",1712,2,1891
MERRICK_UFSD,1716,9,1892
MERRILL_PARK_CIVIC_ASSOC,1718,0,1893
METRO_TRANSPORTATION_INC,1723,6,1894
MIDDLETOWN_TRANSIT_CORP.,1734,6,1895
MID-HUDSON_LIMOUSINE_SERVICE_INC,1735,2,1896
MILLENIUM_TRANSPORTATION,1741,2,1897
MISS_SUES_NURSERY_SCHOOL,1747,35,1898
"MOBILITY_SERVICES,_INC",1755,0,1899
MOHAWK_AMBULANCE_SERVICE,1756,11,1900
MOHAWK_CAMP_CO._LLC,1757,2,1901
MOHOGANY_CONNECTIONS_SHUTTLE_SERVIC,1759,0,1902
MONROE_MEDI-TRANS._INC.,1763,24,1903
MONTAUK_BUS_TRANSPORTATION_GROUPLLC,1771,2,1904
MONTAUK_BUS_TRANSPORTATION_LLC,1772,0,1905
MONTEGO_TOURS_&_MOTOR_COACH_LLC,1774,1,1906
MONTGOMERY_AREA_XPRESS_(MAX_BROWN),1776,4,1907
MOON_LIGHT_TRANSIT_CORP.,1778,0,1908
MOSDOS_BNOS_FRIMA,1786,6,1909
MOSDOS_KOLOSHITZ,1787,1,1910
MOSDOS_SANZ_KLAUSENBURG_OF_MONSEY,1788,12,1911
MOSDOS_SANZ_OF_MONSEY,1789,2,1912
MOSDOS_SATMAR_BP_INC,1790,7,1913
MOUNT_MERCY_ACADEMY,1795,5,1914
MOUNT_ST._MICHAEL_ACADEMY,1798,18,1915
MSB_&_ME_INC.,1804,7,1916
MUNOZ_TRANSPORTATION_INC,1808,2,1917
MUTUAL_BUS_CORP.,1809,54,1918
"MV_PUBLIC_TRANSPORTATION,_INC(NYC)",1814,1,1919
NAPLES_CENTRAL_SCHOOL_DISTRICT,1824,46,1920
N._BELLMORE_SCHOOLS_UFSD,1831,10,1921
"NESCO_TRUCK_&_BUS_SALES,_INC.",1833,0,1922
NEWARK-ARCADIA_VOLUNTEER_AMBULANCE,1835,4,1923
NEWBURGH_BEACON_BUS_CO.,1838,20,1924
NEW_ELEGANTE_CAR_SERVICE_INC.,1841,4,1925
NEW_HOPE_INTERNATIONAL_MINISTRIES,1847,2,1926
NEW_HOPE_LUTHERN_CHURCH,1848,2,1927
NEW_LEBANON_C.S.,1851,38,1928
NEW_YORK_AMBULETTE,1854,2,1929
NEW_YORK_BUS_SALES_(ROCHESTER),1858,0,1930
"NEW_YORK_EAST_TRAVEL,_INC",1860,0,1931
NEW_YORK_INSTITUTE_FOR_SP,1861,8,1932
NEW_YORK_WHITEHALL_TRANSP_CO_INC,1872,0,1933
NJL_LIMO_OF_LI_INC.,1880,1,1934
NO_1_BUS_TOUR_INC,1881,4,1935
"NO_ONE_LEFT_OUT_SERVICE,INC.",1882,3,1936
NORTH_BABYLON_UFSD,1883,195,1937
NORTH_COUNTRY_SCHOOL/CAMP_TREETOPS,1887,4,1938
NORTHEAST_LIMOUSINE_SERVICE_INC.,1890,8,1939
NORTHEAST_PARENT_&_CHILD_SOCIETY,1891,15,1940
NORTHVILLE_CENTRAL_SCHOOL,1912,26,1941
NORTHWOOD_SCHOOL,1914,23,1942
NORWICH_CITY_SCHOOL_DISTRICT,1916,73,1943
NORWOOD_NORFOLK_CENTRAL_SCHOOL,1917,53,1944
NY_LIMO_EXPRESS_INC.,1927,9,1945
NY_LIMO_TRIP_CORP,1928,4,1946
NY_SONIC_TOURS_AND_TRAVEL_RECEPTIVE,1933,1,1947
OCEAN_AVE._TRANSPORTATION,1943,13,1948
OLLIES_AIRPORT_SERVICE,1951,12,1949
OMEGA_EXPRESS_LTD,1953,58,1950
ONE_CONCEDPT_LLC,1955,0,1951
ONONDAGA_COACH_CORP.,1961,28,1952
ONTEORA_CENTRAL_SCHOOL,1964,31,1953
ON_TIME_AMBULETTE_INC.,1965,12,1954
ON_TIME_TRANSPORTATION,1966,0,1955
ON_TOP_TOURS_NYC_INC,1967,0,1956
OPPORTUNITIES_FOR_BROOME-HEADS,1970,5,1957
ORIENTAL_PEARL_TRAVEL_INC,1974,2,1958
"ORION_TRANSPORTATION,_INC",1975,7,1959
ORZAN_TRANSPORTATION,1977,4,1960
OSWEGO_COUNTY_AMBULANCE_&_HEAR,1979,0,1961
OTSEGO_COUNTY_DEPT_OF_PLANNING,1984,0,1962
OTSELIC-VALLEY_CENTRAL_SCHOOL,1985,20,1963
OWL_TOURS_LLC,1992,0,1964
OXFORD_ACADEMY_AND_CENTRAL_SCH,1993,56,1965
"PAL_LIMOUSINE,_INC.",1996,2,1966
PANAMA_CENTRAL_SCHOOL,1999,27,1967
PARISHVILLE-HOPKINTON_CEN._SCH,2002,24,1968
PATHFINDER_VILLAGE_SCH/INC.,2010,9,1969
"PATHWAYS,_INC",2011,0,1970
PATRICIA'S_TRANSPORTATION_INC,2014,2,1971
PAULS_BUS_SERVICE,2017,2,1972
PEARL_RIVER_UNION_FREE_SCHOOL,2022,6,1973
PEEKSKILL_C.A.P,2024,2,1974
PEGAZO_LIMO_CORP,2027,0,1975
PEOPLE,2033,0,1976
PERFECT_LIMO_SERVICE_INC.,2035,0,1977
PHILLIP_BUS_CORP,2042,67,1978
P._I._TAXI,2058,0,1979
PLATINUM_COACH_LIMOUSINE_INC.,2062,6,1980
POCANTICO_HILLS_CENTRAL_SCHOOL,2067,41,1981
POPE_TRANSPORTATION_SERVICES,2069,2,1982
PORTCHESTER_HEAD_START,2071,7,1983
POUGHKEEPSIE_DAY_SCHOOL,2079,2,1984
PRE_SCHOOL_LEARNING_CENTER_INC.,2086,2,1985
PRESTIGE_CHOICE_TOURS_INC.,2088,2,1986
PRIMARY_CARE_AMBULANCE_CORPORATION,2091,0,1987
PRONTO_AVANTI_LIMOUSINE_LTD,2103,1,1988
PULASKI_ACADEMY_&_CENTRAL_SCHO,2105,51,1989
"PULCHER_TRANSPORTATION,_INC",2106,13,1990
PUTNAM_NORTHERN_WESTCHESTER,2110,7,1991
QUALITY_BUS_SERVICE_LLC_NEW_HAMPTON,2117,0,1992
RAINBOW_EXPRESS_CHILDREN'S_CENTER,2128,5,1993
"RAYMOND_&_JEAN_BUS_SERVICE,LLC",2142,5,1994
RAZI_SCHOOL,2144,4,1995
RC_TRANSPORTATION_SERVICES,2147,1,1996
RELIANCE_GROUP_INC.,2163,15,1997
REMSEN_CENTRAL_SCHOOL,2168,24,1998
RENAISSANCE_TOURS_LLC,2170,0,1999
"RENSSELAER_CO._CHAPTER_NYSARC,_INC",2172,0,2000
RESOURCE_CENTER_FOR_IND._LIVING_INC,2173,0,2001
RESURRECTION_GRAMMAR_SCHOOL_OF_RYE,2174,2,2002
RICHARD_G_ROSENTHAL_JCC,2176,1,2003
"RICHMOND_CHILDREN'S_CENTER,_INC.,_D",2178,0,2004
RICHMOND_COUNTY_AMBULANCE,2179,52,2005
RIPLEY_CENTRAL_SCHOOL,2190,22,2006
"RIVERSHORE,_INC.",2193,0,2007
R&N_CAR_SERVICE_INC.,2197,1,2008
ROBIN_TRANSPORTATION_LTD.,2202,6,2009
ROCKLAND_COUNTY_CHPTR_NYSARC_INC.,2210,0,2010
ROCKVILLE_CENTRE_UFSD,2212,17,2011
ROLLING_RIVER_DAY_SCHOOL_CAMP_INC,2213,2,2012
ROMPER_ROOM_NURSERY,2218,12,2013
RONDOUT_CHARTERS,2220,10,2014
ROSAL_LIMOUSINES_LTD,2223,9,2015
ROSCOE_CETRAL_SCHOOL_DISTRICT,2224,2,2016
ROSE_DEE_TRANSPORT,2225,0,2017
ROSEWOOD_TRANSPORTATION_LLC,2226,1,2018
ROSY'S_SERVICES_CORP.,2229,0,2019
ROWES_TRAVEL_&_TOURS_INC.,2232,0,2020
RYE_AMBULETTE,2252,0,2021
SAFETY_FIRST_EXPRESS_INC.,2261,1,2022
SALVATION_ARMY_SYRACUSE_AREA_S,2272,0,2023
SARATOGA_CENTRAL_CATHOLIC,2286,6,2024
SAUQUOIT_VALLEY_CENTRAL_SCHOOL,2292,61,2025
SCARSDALE_FORD,2295,0,2026
SCHOHARIE_CENTRAL_SCHOOL,2305,67,2027
SCHOOL_OF_THE_HOLY_CHILD,2311,2,2028
SCHROON_LAKE_CENTRAL_SCHOOL,2312,24,2029
SCHUYLERVILLE_CENTRAL_SCHOOL,2314,66,2030
SERGI'S_PARTY_LIMOUSINE_CORP,2330,2,2031
"SERVICES_FOR_THE_UNDERSERVED,_INC",2332,0,2032
SHANNON_TRANSPORTATION,2339,4,2033
SHEPARD_BROTHERS_INC,2342,0,2034
SHERBURNE_EARLVILLE_CENTRAL_SC,2343,71,2035
SHIRLEY_XIAOLING_NING,2347,1,2036
SID_JACOBSON_JCC,2354,11,2037
SILVER_SHIELD_LIMOUSINE_AND_TRANSPO,2359,2,2038
SILVERSTEIN_HEBREW_ACADEMY,2361,2,2039
SINERGIA_INC,2364,0,2040
"S_&_J_TOURS_&_BUS,_INC.",2365,18,2041
SKW_TOUR_INC,2368,2,2042
SLK_TRANSPORTATION_LLC,2371,2,2043
SMART_KIDS_TRANSPORTATION,2372,4,2044
SMITHTOWN_C.S.D.,2376,0,2045
SOLID_GOLD_LIMOUSINE,2380,0,2046
SOUTHERN_TIER_MEDI-VAN,2389,56,2047
SOUTHERN_TIER_STAGES_INC.,2390,30,2048
SOUTHWESTERN_CENTRAL_SCHOOL,2399,61,2049
SOUTHWEST_OSWEGO_BAPTIST_CHURCH,2400,1,2050
SOVEREIGN_TRANSPORTION_INC,2401,32,2051
SPRING_AMBULETTE_INC,2409,12,2052
STATEN_ISLAND_AID_FOR_RETARDED_CHIL,2432,0,2053
STATE_TRANSTOURS_CORP,2434,1,2054
ST._CHARLES_HOSPITAL,2438,0,2055
STEPPING_STONES_EARLY_LERN_CTR_INC.,2443,2,2056
ST_LAWRENCE_CENTRAL_SCHOOL,2454,39,2057
"ST._LAWRENCE_COUNTY_CHAPTER_NYSARC,",2457,0,2058
ST._REGIS_FALLS_CENTRAL_SCHOOL,2467,17,2059
STUDENT_TRANSPORTATION_OF_AMERICA,2473,141,2060
SUMMIT_EDUCATIONAL_RESOURCES,2487,10,2061
SUNNY_DAYS_TRANSPORTATION,2489,0,2062
"SUNNY_LIMO,_INC.",2490,1,2063
SUNNYSIDE_COMMUNITY_SERVICES,2491,0,2064
SUNRISE_BUSSES_INC,2493,155,2065
SWIFT_TRANSPORTATION,2509,0,2066
SYRACUSE_ACADEMY_OF_SCIENCE,2510,2,2067
TAKE_GOOD_CARE_TRANSPORTATION,2514,5,2068
TALMUD_TORAH_D'CHASIDEI_OF_MONSEY,2515,7,2069
TALMUD_TORAH_IMERI_CHAIM,2517,24,2070
"TERRY'S_BUS_TRANSPORTATION,_INC.",2537,14,2071
THE_GUIDING_STAR_TRANSPORTATION_LLC,2546,1,2072
THE_MASTERS_SCHOOL,2555,12,2073
TOA'S_TRAVEL_INC,2585,7,2074
TOUR_&_TRAVEL_CONSULTANTS_CORP,2603,2,2075
TOWN_BUS_LLC_(SMITHTOWN),2604,16,2076
TOWNE_BUS_CORP._(BAYSHORE),2605,108,2077
TOWNE_BUS_CORP._(HEMPSTEAD),2607,46,2078
TOWNE_BUS_CORP_(SMITHTOWN),2611,81,2079
TOWNE_BUS_LLC_(BAYSHORE),2612,7,2080
TOWN_OF_BABYLON,2614,0,2081
TOWN_OF_CHILI,2615,0,2082
TRANS_COACH_LLC,2626,2,2083
TRANSIT_CONNECTION,2629,14,2084
TRANSPORTATION_COLLABORATIVE_INC,2632,0,2085
TRANSPORTATION_PROJECT,2633,0,2086
TRAVEL_BARREL_LLC,2636,1,2087
TRI-STAR_TRANSPORT_CORP,2644,10,2088
TRUCK_KING_INTERNATIONAL,2647,0,2089
TURBO_TAXI,2658,2,2090
TWIN_OAKS_COUNTRY_DAY_SCHOOL,2667,29,2091
TWISTED_FIVE_INC,2669,0,2092
TYMPF_CO_INC,2671,15,2093
UNION_TOURS_EXPRESS_INC,2688,13,2094
UNITED_CEREBRAL_PALSY_ASSOC._OF,2693,0,2095
UNITED_CEREBRAL_PALSY_&_HCA_OF,2694,0,2096
UNITED_ODD_FELLOW_AND_REBEKAH_HOME,2698,0,2097
UNITY_GREATER_HIGHWAY_CHURCH,2703,1,2098
VALLEY_TOURS_LLC,2724,0,2099
VAN_CLUB_INTERNATIONAL_INC.,2728,0,2100
"VARSITY_BUS_CO.,_INC",2733,0,2101
VEGA_TRANSPORTATION_CO._INC.,2736,6,2102
VICTOR_ASSOCIATION_OF_CULTURAL_&_PE,2742,0,2103
VINNY'S_BUS_SERVICE,2748,30,2104
VISION_TOURS_CORP,2756,0,2105
VOLATOUR_INC,2761,7,2106
WASHINGTON_COUNTY_HEAD_START,2778,42,2107
WEEDSPORT_CENTRAL_SCHOOL,2802,39,2108
WESTCOP_OUTER_LIMITS_TRANS_SERV_INC,2812,2,2109
WESTMORELAND_CENTRAL_SCHOOL,2820,50,2110
WEST_VALLEY_CENTRAL_SCHOOL,2825,23,2111
WE_TRANSPORT_INC._(HOLTSVILLE_2),2829,61,2112
WE_TRANSPORT_INC.(PLAINVIEW),2830,243,2113
WE_TRANSPORT_INC_(SMITHTOWN),2831,153,2114
WE_TRANSPORT_L._P._(BAYSHORE),2832,156,2115
WE_TRANSPORT_L.P._(SMITHTOWN),2836,33,2116
WHEATLAND-CHILI_CENTRAL_SCHOOL,2837,45,2117
WHEELS_OF_FORTUNE_TRANSPORTATION,2840,0,2118
WHITESVILLE_CENTRAL_SCHOOL,2847,13,2119
WIL-CARE_TRANSPORTATION_SERVICES_IN,2850,3,2120
WINDWARD_SCHOOL,2860,10,2121
WNY_LIMOUSINES_SERVICES_LLC,2864,3,2122
WOODBURY_LIMOUSINE_SERVICE_INC.,2866,14,2123
WYANDANCH_U.F.S.D.,2871,50,2124
XYL_INT'L_CORP,2876,0,2125
YATES_CO_CHAPTER_NYSARC,2879,16,2126
YUNTONG_TRANSPORTATION,2914,2,2127
YURI_ZUR,2915,0,2128
AGAPE_TRANSPORTATION_INC,3001,1,2129
AGING_AND_HANDICAP_TRANSPORTATION_I,3002,1,2130
ALL_HALLOWS_HIGH_SCHOOL,3043,6,2131
ANNSUNCHO_CONSULTANTS/SUNRISE_AMB,3099,4,2132
ARGYLE_CENTRAL_SCHOOL,3122,32,2133
ASSISTED_TRANSPORTATION_CORP.,3136,6,2134
ASTORIA_EXPRESS_TRANSIT,3138,12,2135
"AT_YOUR_SERVICE_ENTERPRISES,_LLC",3147,1,2136
A_&_W_TOURS_INC,3159,4,2137
BETH_JACOB_OF_BORO_PARK,3229,9,2138
BIRNIE_BUS_TOURS_INC,3251,27,2139
BLOOMFIELD_CENTRAL_SCHOOL,3268,46,2140
BNOS_ZION_OF_BOBOV,3283,20,2141
BOCES_HAMILTON_FULTON_MONT,3298,1,2142
BRIGHTSIDE_ACADEMY,3327,2,2143
BROOKLYN_JESUIT_PREP,3340,1,2144
B_Z_TRANSPORTATION_INC,3368,1,2145
CAMDEN_CENTRAL_SCHOOL,3375,118,2146
CANASERAGA_CENTRAL_SCHOOL,3385,18,2147
CARDINAL_O'HARA_HIGH_SCHOOL,3401,4,2148
CBT_PARA_TRANSIT_INC.,3435,166,2149
CHAMINADE_HIGH_SCHOOL,3460,20,2150
CHAZY_CENTRAL_RURAL_SCHOOL,3471,29,2151
CRAMDEN_COACH_LLC,3592,2,2152
CRESCENT_SCHOOL,3595,1,2153
DELAWARE_ACADEMY_CENTRAL_SCHOOL,3629,44,2154
DELAWARE_CHENANGO_BOCES,3630,34,2155
D.L.C._LIMOUSIONE_SERVICE_INC.,3660,4,2156
"DOREWAY,_LLC",3669,2,2157
EDINBURG_COMMON_SCHOOL_DISTRICT,3717,13,2158
E-EAGLE_TRAVEL_CORP,3727,2,2159
E._H._S._C.,3728,2,2160
EXECUTIVE_ENTERPRISES_MANAGEMENT,3786,13,2161
FAMILY_YMCA_OF_CNT_AND_NOR._WESTCH.,3808,6,2162
FAST_HELP_AMBULETTE_SERVICE_INC,3813,14,2163
FIRE_ISLAND_UFSD,3823,21,2164
FIRST_TRANSIT_(OLEAN),3883,18,2165
FLEUR_DE_LIS_LIMOUSINE_INC,3890,15,2166
FLORIDA_UNION_FREE_SCHOOL_DIST,3893,10,2167
FREWSBURG_CENTRAL_SCHOOL,3920,35,2168
GATEWAY_TRANSPORTATION,3948,68,2169
GENERAL_BUS_INC,3954,18,2170
"GENERATIONS_CHILD_CARE,_INC",3955,15,2171
GENESEE_C0UNTY_CHAPTER_NYSARC_INC,3956,12,2172
GLENS_FALLS_CITY_SCHOOL,3972,36,2173
GLOBAL_BUS_TOUR_INC,3974,1,2174
GLOBAL_TRANSPORTATION_INC.,3976,8,2175
GRAND_ISLAND_CENTRAL_SCHOOLS,4016,136,2176
GREENBURGH_NORTHCASTLE_UFSD,4033,1,2177
GREENVILLE_CENTRAL_SCHOOL,4038,85,2178
HEART_AMB._CORP.,4092,13,2179
HIGHLAND_EXPRESS_SHUTTLE_SERVICE,4116,12,2180
HONEOYE_CENTRAL_SCHOOL_DISTRIC,4133,52,2181
HUDSON_RIVER_LINE_INC,4148,2,2182
ISLAND_CAR_SERVICE,4189,1,2183
JESUS_CHRIST_THE_CHIEF/KREATIVE_KID,4220,4,2184
KATHERINE_BUS_TRANSPORTATION_CORP,4259,4,2185
"KEESEVILLE'S_KIDS'_COVE,_LLC",4262,2,2186
KINDERCARE_LEARNING_CENTER,4286,4,2187
KINGS_PARK_C.S.D.,4291,126,2188
LAKE_PLEASANT_CENTRAL_SCHOOL,4314,17,2189
LEROY_CENTRAL_SCHOOL_DISTRICT,4349,63,2190
LIFE_TRANSMED_INC.,4363,2,2191
LILY_TRAVEL_SERVICES_LLC,4368,1,2192
LOLITA_TRANSPORTATION,4396,2,2193
LORMIC_TRANSPORTATION_INC,4409,9,2194
LUXOR_LIMO_INC,4421,1,2195
MADISON_CORTLAND_CHAPTER_NYSARC_INC,4431,4,2196
MAMARONECK_UNION_FREE_SCHOOL_D,4442,2,2197
MID_ISLAND_YJCC,4521,19,2198
M_&_L_TRAVEL_TOURS_INC.,4540,2,2199
M.T.C._CORPORATE_COACH_INC.,4590,17,2200
MT._PLEASANT_COTTAGE_SCHOOL,4591,5,2201
NATHALLE_TRANSPORTATION,4609,2,2202
NEW_JP_LIMOUSINE_CORP,4630,1,2203
NEW_YORK_MILLS_PUBLIC_SCHOOL,4640,20,2204
"NEW_YORK_PARTY_SHUTTLE,_LLC",4642,1,2205
NINA_TRANSPORTATION_SERVICE_INC,4653,48,2206
NORTH_COUNTRY_TRANSPORT,4663,19,2207
"NORTHEAST_AMBULETTE,_INC.",4664,1,2208
NORTH_STAR_TOURS_LLC,4685,55,2209
NOTRE_DAME_ACADEMY,4694,2,2210
NOWSTAR_LIMOUSINES,4696,10,2211
NYS_STATE_FEDS_GREWS_PROC_ASSOC_INC,4711,12,2212
OAKFIELD-ALABAMA_CENTRAL_SCHOO,4714,43,2213
OCCUPATIONS_INC.,4718,4,2214
ONEONTA_CITY_SCHOOL_DIST.,4734,52,2215
"ON_POINT_AMBULETTE,_INC.",4741,1,2216
"OTSAR_FAMILY_SERVICES,_INC.",4757,12,2217
PAISANO_TRANSPORTATION_INC,4769,4,2218
PARK_PLACE_BUS_SERVICE,4778,23,2219
PEMBROKE_CENTRAL_SCHOOL_DISTRI,4800,46,2220
PINE_GROVE_COUNTRY_DAY_SCHOOL_INC.,4820,1,2221
PINNACLE_BUS_SERVICE_INC,4824,1,2222
POLAND_CENTRAL_SCHOOL,4839,42,2223
PORTVILLE_CENTRAL_SCHOOL,4845,49,2224
PORT_WASHINGTON_U.F.S.D.,4846,8,2225
PRINCIPAL_TRANSPORTATION_SERVICES,4863,14,2226
RANDOLPH_ACADEMY,4904,10,2227
RAPID_TRANSIT_SERVICE_INC,4908,2,2228
RAYMOND_&_JEAN_BUS_SERVICE,4911,4,2229
RED_CREEK_CENTRAL_SCHOOL,4922,56,2230
RED_ROBIN_COUNTRY_DAY_SCHOOL,4926,17,2231
REGENT_SCHOOL,4928,9,2232
RICAR_MEDICAL_TRANSPORT_SERV_INC,4938,14,2233
RIVERHEAD_TAXI_INC,4955,1,2234
R&M_AMBULETTE_EXPRESS_INC.,4958,11,2235
ROCKLAND_AMBULETTE_SERVICE,4967,13,2236
ROMANTIQUE_TRANS_INC,4976,29,2237
