City,Operator Name
Huntington Station,ROY_K._DAVIS_BUS
Woodside,R_&_R_TRANSPORTATION
Richmond Hill,RS_BUS_COMPANY
Rye,RYE_YMCA
Lake Ronkonkoma,SACHEM_CENTRAL_SCHOOL_DIST.
Sackets Harbor,SACKETS_HARBOR_CENTRAL_SCHOOL
Brooklyn,"SAFE_EXPESS_TRANSPORTATION,_INC"
Sag Harbor,SAG_HARBOR_U.F.S.D.
Endicott,SAINT_ANTHONY_OF_PADUA_CHURCH
Bronx,SAINT_IGNATIUS_SCHOOL
New Rochelle,SALESIAN_HIGH_SCHOOL
Commack,SALS_LIMOUSINE_INC.
New York,SALVATION_DELIVERANCE_CHURCH
Troy,SAMARITAN_HOSPITAL
Watertown,SAMARITIAN_KEEP_HOME
Lansdowne,SAMERIC_TOURS
Monesy,"S_AND_T_VAN_EXPRESS,_INC"
Brier Hill,S_AND_W_TOURS_&_CHARTERS_LLC
Sandy Creek,SANDY_CREEK_CENTRAL_SCHOOL
Jackson Heights,SANTO_DOMINGO_BUS_SERVICE_INC
Clifton Park,SARATOGA_ACADEMY
Saratoga Springs,SARATOGA/WARREN_CO._BOCES
Saugerties,SAUGERTIES_CENTRAL_SCHOOL
Roosevele,SCARLET_TOURS_INC.
Scarsdale,SCARSDALE_VETERERANS/CAMELOT_LIMO
Niagara Falls,SCH_DST.OF_CITY_OF_NIA._FALLS
Schenectady,SCHENECTADY_DAY_NURSERY
Schenevus,SCHENEVUS_CENTRAL_SCHOOL
Cobleskill,SCHOHARIE_CO._HEADSTART
Schoharie,SCHOHARIE_COUNTY
Mt Vernon,SCOTTYS_BUS_&_VAN_SERVICE
Waterloo,SENECA_&_CAYUGA_CO_CHAPTER_NYS_ARC
Seneca Falls,SENECA_FALLS_C._SCHOOL
Waterloo,SENECA_NURSING_HOME
Albany,SENIOR_SVC_CTR_ALBANY_AREA
Bell Harbor,SETH_TRANSPORTATION_INC.
Plattsburgh,SETON_CATHOLIC_CENTRAL_SCHOOL
Sharon Springs,SHARON_SPRINGS_CENTRAL_SCHOOL
Roslyn,SHIBLEY_SUMMER_DAY_CAMP
Richmond Hills,SHOLOM_SHOLOM_INC
Rochester,SHUFFLES_LIMOUSINE_SERVICE_INC
Silver Creek,SILVER_CREEK_CENTRAL_SCHOOL
Staten Island,SILVER_EXPRESS
Brooklyn,SIMCHA_BUS_CORP.
Brooklyn,S_&_L_TRANSPORTATION_INC.
Queens Village,SMARTY_PANTS_TRANSPORTATION
West Seneca,SNYDER_TRANSPORTATION
Brooklyn,SOE_TOUR_INC
Hartsdale,SOLOMON_SCHECHTER_SCH_OF_WESTCHESTR
Port Chester,SOUND_SHORE_AMBULETTE_CORP.
Bronx,SOUTH_BRONX_HEAD_START
Albany,SOUTH_COLONIE_CENTRAL_SCHOOL
Mamaroneck,SOUTH_EAST_CORSORTIUM
Poplar Ridge,SOUTHERN_CAYUGA_CEN._SCH.
Adams,SOUTH_JEFFERSON_CENTRAL_SCHOOL
South Kortright,SOUTH_KORTRIGHT_CENTRAL_SCHOOL
Ovid,SOUTH_SENECA_CENTRAL_SCHOOL
N Belmore,SOUTH_SHORE_COUNTRY_DAY_SCHOOL
Maspeth,SPARK_TRANSPORTATION
Brentwood,SPICE_AMERICAN_BUS_SERVICE_AND_TOUR
Astoria,SPIEGEL_LIMOUSINE_CORP
Brooklyn,SPINKA_TRANSPORTATION
Stamford,STAMFORD_CENTRAL_SCHOOL
South Huntington,ST._ANTHONYS_HS
Bronx,STARLIGHT_AMBULETTE_INC
Woodside,STAR_LITE_1_TRANSPORTATION_CORP
Brooklyn,STARRETT_AMBULETTE_INC
Brooklyn,STARRZ_LUXURY_TRAVEL
Elmont,STAR_TAG_INC
Lindenhurst,STAR_TOUCH_LUXURY
Ontario,STAR_TRAVEL_AND_TOURS
Staten Island,STATEN_ISLAND_ACADEMY
Buffalo,STATUS_LIMOUSINE_CORP.
Oyster Bay,ST._DOMINIC_R_C_C
Brooklyn,ST_EDMUND_PREP_HIGH_SCHOOL
Jamaica,STEPHANIES'_SCHOOL_BUS
Bronx,ST._HELENA_SCHOOL
St. Johnsville,ST._JOHNSVILLE_CENTRAL_SCHOOL
West Islip,ST._JOHN_THE_BAPTIST_DIOCESAN_H.S.
Tonawanda,ST._JOSEPH'S_COLLEGIATE_INSTIT
Canton,ST._LAWRENCE_CO._CDP
Baldwinsville,ST._MARYS_BALDWINSVILLE
Manhasset,ST._MARYS_H.S.
East Islip,ST._MARY'S_RC_CHURCH
Buffalo,ST._MARY'S_SCHOOL_FOR_THE_DEAF
Ossining,ST._MATTHEWS_DAY_CARE_CTR.
Ny,ST_PAUL_CHURCH
Whitesboro,ST._PAULS_CHURCH
Hogansburg,ST._REGIS_MOHAWK_HEADSTART
White Plains,"SUBURBAN_PARATRANSIT_SERV,_IN"
New Brunswick,SUBURBAN_TRAILS
Coram,SUFFOLK_BUS_CORP.
Woodbourne,SULLIVAN_COUNTY_HEADSTART
Hurleyville,SULLIVAN_PARAMEDICINE_INC.
East Brunswick,SUNNY_TRAIL_INC
Woodmere,SUNSHINE_LIMOUSINE_LTD
Flushing,SUPER_BUS_INC
Brooklyn,SUPERIOR_SCHOOL_BUS
Valley Stream,SUPREME_TOURS
Bronx,SWIFT_RIVER_TRANSPORT_LTD
East Syracuse,"SYRACUSE_REGIONAL_AIRPORT_TAXI,_INC"
Glen Cove,TAKAHASHI_INTERNATIONAL_INC
Brooklyn,TALMUD_TORAH_DNITRA
Brooklyn,TALMUD_TORAH_TASHBAR
Swan Lake,TALMUD_TORAH_TOLDOS_YAKOV_YOSEF
Brooklyn,TALMUD_TORAH_YESHUOS_MOSHE_WIZNITZ
Buffalo,TAPESTRY_CHARTER_SCHOOL
Ronkonkoma,TAPPED_ENTERPRISES_INCORPORATED
Nyack,TBT_LIMOUSINE_SERVICE
Schenectady,T.D.M._EXPRESS_INC.
Utica,"THEA_BOWMAN_HOUSE,INC."
Albany,THE_ALBANY_ACADEMICS
New York,THE_DWIGHT_SCHOOL
Port Washington,THE_HAPPY_MONTESORI_SCHOOL
Forest Hills,THE_KEW-FOREST_SCHOOL_INC.
St. James,THE_KNOX_SCHOOL
Buffalo,THE_NICHOLS_SCHOOL
Queens Villages,"THE_NURTURING_CENTER,_INC."
Inlet,THEODORE_PAYNE
W Hempstead,THE_ONLY_WAY_TO_RIDE_INC
Snyder,THE_PARK_SCHOOL_OF_BUFFALO
Laurelton,THERESA_WILSON
Buffalo,THE_SALVATION_ARMY_INC.
Great Neck,THE_SILVERSTIEN_HEBREW_ACADEMY
Lockport,TIMKEY_LIMOUSINE_COMPANY
Owego,TIOGA_OPPORTUNITIES_PROGRAM_INC
Pearl River,T.J._TRANS
Bayport,TLCH_LLC
Ossining,T.L.C_LIMOUSINE_CORP.
Depew,TLC_OF_WNY
Dobbs Ferry,TLC_TRANSPORTATION_LLC
Webster,TODDLERS_WORK_SHOP
Bayshore,TOMMY'S_SIGHTSEEING_TOURS
Staten Island,TOMY_TOURS_OF_NY_CORP
Mt. Tremper,TONCHE_TRANSIT_INC.
Yonkers,TOP_CLASS_LIMOUSINE_LTD.
Kings Park,TOP_OF_THE_WORLD_LIMO_LTD
Far Rockaway,TORAH_ACADEMY_FOR_GIRLS
Brooklyn,TORAH_FOR_SPECIAL_CHILDREN
New York,TOTAL_SIGHTSEEING_LLC
Bronx,TOTS_INC.
Waverly,TOT'S_LEARNING_CENTER
Wyandancha,TOUCH_OF_CLASS_&_COACH_INC.
St. James,TOWN_BUS_LLC
Plainview,TOWNE_BUS_CORP._(PLAINVIEW)
Bayshore,TOWNE_BUS_LLC
East Syracuse,TOWN_OF_DEWITT
Old Forge,TOWN_OF_WEBB_UNION_FREE_SCH._D
Hobart,T.P._OF_NEW_YORK_INC.
Flushing,TRANS_AMERICAN_TOURS
Holbrook,TRANS_AMERICA_TRANSPORT_INC
Jamaica,TRANSEAGLE_TRANSPORTATION_INC.
Brooklyn,TRANS_EXPRESS
Tonawanda,TRANSPO_BUS_SERVICES_LLC
Jamaica,TRAVELPLAN_USA_INC
Albany,TRINITY_INSTITUTION
Hicksville,TRINITY_LUTHERAN_SCHOOL
Grahamsville,TRI_VALLEY_CENTRAL_SCHOOL
Brooklyn,TRUCK_KING_(BABYLON)
Bronx,TRUCK_KING_INTERNATIONAL_BUS_SALES
Bronx,TT_BUS_TRANSPORT_CO_INC
Smithtown,TTOM_INC
Bayshore,"T.T.T.,INC______."
Staten Island,TUMID_B'ESIMCHA_BUSES
Islanda,TUTOR_TIME_CHILD_CARE_LEARNING
Patchogue,TUTOR_TIME-ECONOMIC_OPPORTUNITY_COU
Commack,TUTOR_TIME_LEARNING_CENTER_LLC
New Hyde Park,TUTOR_TIME_-_NEW_HYDE_PARK
Tuxedo Park,TUXEDO_PARK_SCHOOL
Tonawanda,TWIN_CITY_AMBULANCE
Brooklyn,TWO_LIONS_TOURS_INC
Brooklyn,TYA_TRANSPORTATION_INC.
Binghamton,T_&_Z_PARTY_BUS
Kingston,ULSTER-GREENE_COUNTY_NYS_ARC
Hicksville,ULTIMATE_CLASS_TRANSPORTATION_INC
New York,ULTIMATE_TOURS_LLC
Webster,ULTRA_MEDICAL_TRANSPORT_INC
Bronx,U_&_ME__TRANSPORT_INC
Otego,UNATEGO_CENTRAL_SCHOOL
Uniondale,UNIONDALE_UFSD
Union Springs,UNION_SPRINGS_ACADEMY
Union Springs,UNION_SPRINGS_CEN._SCH.
L.I.C,UNITED_AMBULETTE_INC.
Brooklyn,UNITED_BUS_LLC___________HOBOKEN
Staten Island,"UNITED_COACH_LINES,_INC."
East Elmhurst,UNITED_KID'S_TRANSPORTATION
Brooklyn,UNITED_LUBAVITAHER_YESHIVOTH
Brooklyn,"UNITED_TOM_TOM_TRANSPORTATION,_INC."
Ferndale,UNITY_AMBULETTE_CORP.
Troy,UNITY_HOUSE
Bellrose,UNIVERSAL_AMBULETTE_SERVICE
Rochester,UNIVERSITY_OF_ROCHESTER
Queens,UPWARD_MOBILITY_LIMOUSINE
Elmhurst,USAI_KITTEKORNCHAROEN
Brooklyn,"USA_UNITED_BUS_EXPRESS,_INC."
Monroe,UTA_OF_KIRYAS_JOEL_INC.
Brooklyn,V0LGA_TRANSPORTATION_CORP
Valhalla,VALHALLA_UNION_FREE_SCHOOL_DIST.
Brooklyn,VALIANT_A_TRANSPORTATION
South Fallsburgh,VALO_TRANSPORTATION_LTD
Monsey,VANTOUR_1_INC
East Elmhurst,VARGAS_TRANSPORTATION
Syossett,VARIETY_PRE-SCHOOLER'S_WORKSHOP
Elmhurst,VEA_NY_TOURS
Fredonia,VICTORY_BAPTIST_CHURCH
Yonkers,VICTORY_TRANSIT_INC
Cooperstown,VILLAGE_OF_COOPERSTOWN
Spring Valley,VILLAGE_OF_SPRING_VALLEY
Spring Valley,VIP_AMBULETTE_INC
Freeport,VIP_LIMOS_SERVICE_INC.
Valley Stream,VIRGO_AMBULETTE_CORP
East Orange,VIRGO_MEDICAL_SERVICES_INC.
Newburgh,VISCONTI_LIMOSINE_SERVICE_LLC
Newburgh,VISCONTI_LIMOUSINES_INC
Queens Village,VITAL_TRANSIT_INC.
Brooklyn,VIZNITZER_CHAIDER_TIFERES_YISROEL
Kiamesha Lake,VIZNITZ_INSTITUTIONS_INC
Brooklyn,"V_&_N_TRANSPORTATION,_INC"
Rochester,VOLUNTEERS_OF_AMERICA
Voorheesville,VOORHEESVILLE_CENTRAL_SCHOOL
Brooklyn,V.O._PARTNERS__DBA_-EXPRESS_AMBULET
Newburgh,VW_TRANS_LLC
Garden City,"WALDORF_SCHOOL_OF_GARDEN_CITY,_THE"
Walton,WALTON_CENTRAL_SCHOOL
Wantagh,WANTAGH_U.F.S.D.
Glens Falls,WARREN_COUNTY_HEAD_START
Glens Falls,WARREN_HAMILTON_ACEO
Warsaw,WARSAW_CENTRAL_SCHOOL
Watertown,WATERTOWN_CITY_SCHOOL_DISTRICT
Watervliet,WATERVLIET_CITY_SCHOOL
Watkins Glen,WATKINS_GLEN_CENTRAL_SCHOOL
Wayland,WAYLAND_COHOCTON_CENTRAL_SCHOO
Lyons,WAYNE_COUNTY_ACTION_PROGRAM
Newark,WAYNE-FINGER_LAKES_BOCES
Hollis,WC_NEW_YORK_LIMOUSINE_INC
Brooklyn,W_&_D_TOUR_INC
Yonkers,WEDDING_CENTER_PLUS_DEPOT_INC.
Wells,WELLS_CENTRAL_SCHOOL
Old Westbury,WESTBURY_U.F.S.D.
New Rochelle,WESTCHESTER_AREA_SCHOOL
Valhalla,WESTCHESTER_JUMBO_TAXI_SERVICE
Yonkers,WESTCHESTER_SCHOOL_SPECIAL_CHILDREN
Westfield,WESTFIELD_CENTRAL_SCHOOL
Melville,WEST_HILLS_MONTESSORI_SCHOOLS
West Islip,WEST_ISLIP_U.F.S.D.
Bayshore,WE_TRANSPORT_L._P.
St James,WE_TRANSPORT_L.P.
Plainview,WE_TRANSPORT_LP(PLAINVIEW)
Albany,WHEELERS_ACCESSIBLE_VAN
Caroga Lake,WHEELERVILLE_UNION_FREE_SCHOOL
No White Plains,WHITE_PLAINS_BUS_CO._(MC)
Elmsford,WHITNEY_YOUNG_HEAD_START
Brooklyn,WILLIES_BUS_SERVICE
Willsboro,WILLSBORO_CENTRAL_SCHOOL
Bronx,WINDSOR_LEASING_AMBULETTE
Warwick,WINSLOW_THERAPUTIC_RIDING_CTR._INC.
Saugerties,WOLF'S_DAY_CARE_CENTER
Valley Stream,WOODEN_SHOE_NURSERY_SCHOOL
Woodstock,WOODSTOCK_DAY_SCHOOL
Wyoming,WYOMING_CENTRAL_SCHOOL_DSITRIC
Brooklyn,XAVERIAN_HIGH_SCHOOL
New York,XAVIER_HIGH_SCHOOL
Brooklyn,YCS_TRANSPORTATION
Brooklyn,YESHIVA_BAIS_CHAIM_YOSHUA
Brooklyn,YESHIVA_BETH_HILLEL_OF_WILLIAMSBURG
Brooklyn,YESHIVA_BOYAN
Monsey,YESHIVA_DARKEI_EMUNAH
Brooklyn,YESHIVA_EITZ_CHAIM_DBORO_PARK
Brooklyn,YESHIVA_JESODA_HATORAH
Brooklyn,YESHIVA_MACHZIKEI_HADAS
Brooklyn,YESHIVA_TIFFERES_BUNIM
Brooklyn,YESHIVA_TZEMACH_TZADIK_WIZNITZ
Brooklyn,YESHIVA_YADGILTORAH
Brooklyn,Y.J.H._COMMUNITY_SERVICES
Olean,"YMCA_OF_OLEAN_NY,_INC."
Commack,YM_YWHA_OF_SUFFOLK_(NESCO)
Retsof,YORK_CENTRAL_SCHOOL_DISTRICT
White Plains,YOUTH_MISSION_OF_LIFE
Brooklyn,YTV_SERVICE_CORP
Jamestown,YWCA_OF_JAMESTOWN
Depew,ZOLADZ_LIMOUSINE_SERVICE
Niagara Falls,"ZUCCARO_TOURS,_INC."
Queens Village,1ST_CLASS_TRANSPORTATION_SERVICE
Melville,3J'S_LIMOUSINE_INC.
Islip Terrace,422_DND_CORP
New Hyde Park,A1_NEW_YORK_TRANS_INC.
Coram,AAA;FIRST;CHOICE;LIMOUSINE;SRVC;INC
Staten Island,AA_GET_AWAY_COACHES_LIMOS_AND_MORE
Yonkers,"ABACO_CARRIERS,_INC."
Commack,ABACUS_TRANSPORTATION_LLC
East Elmhurst,ABAD_TRANSPORTATION
Brooklyn,ABBA_LOCAL_TRANSPORTATION_INC
Woodside,ABC_FANTASY_LAND
Jamaica,ABC_HAPPY_TOUR_INC
Brooklyn,ABLE_BUS_INC
Fresh Meadows,ABLE_TRANSPORTATION_CORP
Glens Falls,ABRAHAM_WING_SCHOOL
White Plains,ACADEMY_OF_OUR_LADY_OF_GOOD_COUNSEL
Brooklyn,"ACA_TRANSPORTATION,INC."
Fort Plain,ACCESS_TRANSPORTATION_INC.
Mahopac,ACE_AMBULETTE_SERVICE_CORP
North Massapequa,ACE_LIMO_LI_CORPORATION
New Hyde Park,ACE_METRO_AMBULETTE_INC
Williamsville,ACES_LIMOUSINE_SERVICE_INC.
Brooklyn,ACH_TOV_V'CHESSED
Staten Island,A-CLLASS_LIMOUSINE_INC.
Addison,ADDISON_CENTRAL_SCHOOL_DISTRIC
Croghan,ADIRONDACK_MEDICAL_TRANSPORT
Mt. Morris,ADONNINO_BROS_INC
Port Ewen,ADRIANO_LIMOUSINE_&_CAR_SERVICE
East Amherst,ADVANTAGE_LIMOUSINE_LTD
Albany,ADVANTAGE_TRANSIT_GROUP_INC.
Astoria,ADVENTURE_EXPRESS
Corona,A.E._FALCONI_CORP.
West Seneca,AFFORDABLE_LIMOUSINE_SERVICE_LLC
Afton,AFTON_CENTRAL_SCHOOL
Kingston,AGRI-BUS_CHILD_DEVELOPMENT_PRO
Bloomingburgh,A_HUDSON_VALLEY_LIMOUSINE_INC
Staten Island,AJM_SOPHISTICATED_CHARTERS
Akron,AKRON_CENTRAL_SCHOOL
Syracuse,"ALADDIN_TRANSPORTATION,_LLC."
Putnam Valley,ALBANIA_LIMOSINE_SERVICE_INC.
Albany,ALBANY_AQUA_DUCKS_INC.
Alden,ALDEN_CENTRAL_SCHOOL
Brooklyn,ALERT_AMBULETTE_SERVICE_CORP.
Ronkonkoma,ALERT_COACH_LINES_INC.
Alexander,ALEXANDER_CENTRAL_SCHOOL
Staten Island,ALEX_TRANS_INC.
Douglaston,ALINA_SERVICE_CORP
Brooklyn,ALL_AROUND_TRANSPORTATION_INC
Spring Valley,ALLCARE_AMBULETTE
Long Island City,ALL_CHILDRED'S_CHILD_CARE_CENTER
Bronx,ALL_CITY_JR_TENNIS
Bellmore,ALL_COUNTY_LIMOUSINE_OF_L_I_LTD
Allegany,ALLEGANY_-_LIMESTONE_C.S.
"Brasher Falls,","ALLENCARE_MEDICAL_TRANSPORT,_LLC"
Mexico,"ALLEN_CHASE_ENTERPRISES,_INC."
Rochester,ALLENDALE_COLUMBIA_SCHOOL
Brooklyn,"ALLIED_CENTRAL_AMBULETTE,_INC"
West Hempstead,ALL_ISLAND_AIRPORT_SERVICE
Brooklyn,"ALLMEDICAL_SERVICE,_INC"
Binghamton,ALL_MY_CHILDREN_CHILD_CARE_CTR._INC
Staten Island,ALL_NATIONS_COACH_INC
Troy,"ALL_OCCASIONS_LIMO_SERVICE,_INC."
Hewlett,ALL_POINTS_AMBULETTE_INC.
"Pleasantville, Ny 10","ALLSTATE_COACH_&_LIMO,_INC."
Arverne,ALL_TRANSIT_LLC
Bellmore,ALPHABETLAND_SCHOOL_&_DAY_CAMP
Brooklyn,ALTA_MEDICAL_TRANSPORTING_INC
Fresh Meadows,ALVARO_POVERDA_DBA_A.P._TOURS
Lynbrook,ALWAYS_IN_STYLE_LIMO'S
Plainview,AMERICAN_AMBULETTE
Flushing,AMERICAN_ASIA_TRAVEL_CENTER
Holbrook,AMERICAN_MEDICAL_RESPONSE
Hicksville,AMERICAN_PARTY_RIDE_INC.
Lynbrook,AMG_TRANSPORTATION_INC
Depew,AMHERST_LIMOUSINE_SERVICE
Amityville,AMITY_SHUTTLE
Amsterdam,AMSTERDAM_COMMUNITY_TRANSIT
Astoria,ANAILDA_TROTMAN_DBA_TRANSPORTE_NY
Staatsburg,ANDERSON_CTR._FOR_AUTISM
South Ozone Park,ANDRADE'S_LIMO_INC
Lindenhurst,ANGEL_AMBULETTE_INC
Cold Brook,ANGEL_RIDE_LIMOUSINE
Elmhurst,ANGEL'S_TRANSPORTATION
Corona,ANITA_TRANSPORTATION
Hauppauge,ANY_TIME_BUS_CO._INC.
Harriman,A_ONE_BUS_INC
Brooklyn,APEX_INTERNATIONAL_LIMOUSINE_INC.
Flushing,"APOLLO_NY-CITY_AMBULETTE,_INC"
Astoria,"APPLE_TRANSPORTATION_OF_N._Y.,_INC"
Long Island City,ARABIAN_TRAVEL_TRANS_CORP
Ardsley,ARDSLEY_UNION_FREE_SCHOOL_DIST
Wantagh,A_RIDE_4U_AMBULETTE
Staten Island,ARM_TRANSPORTATION_INC
Yorktown Heights,ARTISTE_LIMOUSINE_SERVICE
Brooklyn,ASCONA__AMBULETTE__SERVICE__INC
Craryville,ASTRETCHOUT_LIMOUSINES
Brooklyn,ASTRO_AMBULETTE_CORP
Baldwin,ATLANTIC_AMBULETTE_SERVICE_INC.
Staten Island,ATLANTIC_EXPRESS_COACHWAYS
Maspeth,ATLANTIC_PARATRANSIT
Flushing,ATLANTIC_QUEENS
Brooklyn,"ATLANTIC_TRAVEL_AND_TOUR,_INC"
Queens Villiage,"ATLAS_AMBULETTE,INC."
Attica,ATTICA_CENTRAL_SCHOOL_DISTRICT
Auburn,AUBURN_ENL._CITY_SCHOOL
Milltown,"AVAILABLE_CARE,INC"
Avoca,AVOCA_CENTRAL_SCHOOL_DISTRICT
Astoria,AVT_TRANSPORTATION
New Hyde Park,"A_WHITE_STAR_LIMOUSINE_SERVICE,_INC"
Boston,A_YANKEE_LINE_INC
Tonawanda,AYR_COACH_LINES__USA_LTD.
Rochester,BADEN_ST_SETTLEMNT_INC.
Bainbridge,BAINBRIDGE_GUILFORD_CS
Brooklyn,BAIS_CHAYA_ESTHER_INC
Brooklyn,BAIS_YAAKOV_D'CHASSIDEI_GUR
Brooklyn,BAIS_YAAKOV_F.S._OF_ADAS_YEREIM
Brooklyn,BAIS_YAKOV_YOSSEF_LTD
Bronx,BAKER_TRANS
Baldwin,BALDWIN_UFSD
Ithaca,BANGS_AMBULANCE_SERVICE
Laurelton,BANNER_INTERNATIONAL_CORPORATION
Barker,BARKER_CENTRAL_SCHOOL
Oceanside,BARRY_&_FLORENCE_FRIEDBERG_JJC
Brooklyn,BAS_MELECH_SCH_FOR_GIRLS
Brooklyn,BATIM_INC
Bayport,BAYPORT_BLUEPOINT_UFSD
Port Washington,BAY_TERRACE_TRANSIT_CORP
Rego Park,BB'S_TRANSPORTATION
Brooklyn,BEER_HAGOLAH
Brooklyn,BE'ER_MIRIAM
Lisbon,BELLINGER_MEDICAL_TRANSPORT
Merrick,BELLMORE_MERRICK_CENTRAL_HIGH_SCH.
Bellmore,BELLMORE_UFSD
Queens Villiage,BELL_PARK_CHILD_CARE_CENTER_INC
Bronx,BELMONT_ARTHUR_AVE_LDC
Bemus Point,BEMUS_POINT_CENTRAL_SCHOOL
Astoria,"BENI'S_LIMOUSINE_SERVICE,INC."
New York,BERMUDA_LIMO_SERVICE
Berne,BERNE_KNOX_WESTERLO_CSD
Monsey,BE_SAFE_BUS_CORP
Massapequa,BEST_WAY_AMBULETTE
Brooklyn,BETH_CHANA_SCHOOL
Rochester,BETHEL_CHRISTIAN_FELLOWSHIP
Bethpage,BETHPAGE_U.F.S.D.
Poughkeepsie,BEULAH_BAPTIST_CHURCH
Brooklyn,B_&_F_SKILLED_INC
East Meadow,BIG_CHIEF_SCHOOL_&_CAMP
Elmsford,BIRD_BUS_SALES_(NORTH)
Port Byron,BIRNIE_BUS_SERVICE_INC.
Hamilton,BIRNIE_BUS_SERVICE_INC/MADISON
Brooklyn,BISHOP_LOUGHLIN_MEMORIAL_H.S.
Albany,BISHOP_MAGINN_HIGH_SCHOOL
Riverhead,BISHOP_MCGANN_MERCY_HIGH_SCHOOL
Buffalo,BISHOP_TIMON_-_ST.JUDE_HIGH_SC
Flushing,BLACK_LEOPARD_TRAVEL_INC
Staten Island,BLACK_SEA_TRANSPORTATION_INC
New Rochelle,BLESSED_SACRAMENT_ST._GABRIEL_HS
Syracuse,BLUE_CHIP_TRANSPORTATION_INC.
Niagara Falls,BLUE_WATER_TOURS_INC.
Brooklyn,BNOS_MALKE_BELZ
Brooklyn,BNOS_MENACHEM_INC
Brooklyn,BNOS_SQUARE_OF_WILLIAMSBURG
Ellicottville,BOCES_ALLEGANY_CATT._CO._(NORT
Olean,BOCES_ALLEGANY_CATT._CO._(SOUTH)
Patchogue,BOCES_EASTERN_SUFFOLK
Malone,"BOCES_FRANKLIN,_ESSEX_AND_HAMI"
Batavia,BOCES_GENESEE_VALLEY_(BATAVIA)
Elmira,BOCES_GST_(COOPERS)_C/O_BOCES
Elmira,BOCES_GST(WILDWOOD)_C/O_BOCES
Stamford,BOCES_OTSEGO_NORTHERN_CAT
Canton,BOCES_ST._LAWRENCE_CO.
New Paltz,BOCES_ULSTER_COUNTY
Hudson Falls,BOCES_WSWHE_COUNTIES
Bolivar,BOLIVAR-RICHBURG_CSD
Bolton Landing,BOLTON_CENTRAL_SCHOOL
Brooklyn,BOYTON_BUS_INC.
Briarcliff Manor,BRIARCLIFF_MANOR_UNION_FREE_SD
Brooklyn,BRIDGEMAN_TRANSPORTATION_OF_NY_CORP
Rochester,BRIGHTON_CENTRAL_SCHOOL_DISTRICT
Oceanside,BRIGHT_STAR_DAY_SCHOOL
Brooklyn,BRILLIANT_TRANSPORTATION_LTD
Briarwood,BRITISH_TOURS_CORP
Brockport,BROCKPORT_CENTRAL_SCHOOL
Yonkers,BRONCO_BUS_CORP.
Bronx,BRONX_HOUSE_JEWISH_CENTER
Bronxville,BRONXVILLE_U.F.S.D.
Island Park,BROWARD_COACH
Roscoe,BUCHANAN_TRANSPORTATION
Buffalo,BUFFALO_NIAGARA_LIMOUSINE_MGMT._CO.
Buffalo,BUFFALO_PUBLIC_SCHOOLS
Woodbury,BUS_AROUND_TOWN_CORP
White Plains,BUSHIDO_SCHOOL_OF_KARATE
Amherst,BUTTERFLY_KISSES_CHILDCARE
Forest Hills,CACAJ
Farmindale,"CAMELOT_SPECIALTY_LIMOS,_INC."
Smithtown,CAMP_ST_PATRICK_SMITHTOWN
Salamanca,CAMP_TURNER
Nanuet,CAMP_VENTURE
"Brooklyn,",CAMP_ZICHRON_ZVI_DOVID_INC.
Candor,CANDOR_CENTRAL_SCHOOL_DISTRICT
Buffalo,CANISIUS_HIGH_SCHOOL
Cortland,CAPCO_HEAD_START
Schenectady,CAPITAL_BUS_TOURS_INC
Syracuse,"CAR_DEPOT_OF_SYRACUSE,_INC."
North Tonawanda,CARDINAL_LIMOUSINE_SERVICE_INC._THE
Strykersville,CARING_HART'S_TRANSPORTATION_INC
Valley Stream,CARIZMA_TRANSPORTATION_INC
Hicksville,CAROUSEL_DAY_SCHOOL
Lockport,"CASCADES_OF_NIAGARA_TOURS,_INC"
Newburgh,CASTRO_AND_SON'S_LLC
Fresh Meadows,CATHAY_EXPRESS_TRANSPORTATION
Elmhurst,CATHEDRAL_PREP_SEMINARY
Troy,CATHOLIC_CENTRAL_HIGH_SCHOOL
Cato,CATO-MERIDIAN_CEN._SCH.
Belmont,CATTARAGUS_ALLEGANY_BOCES
Auburn,CAYUGA/SENECA_COMM._ACTION_AGE
Ithaca,CAZ_LIMO_INC.
Coram,CBS_LINES_INC
Woodside,C.C.B._ENGLISH_SCHOOL_OF_NEW_YORK
Rochester,CCLC_AT_ROCHESTER_GENERAL_HOSPITAL
Rochester,CDL_TRAVEL_&_TOURS
Jackson Heights,CEDENO_TRANSPORTATION
Rensselaer,"CELEBRITY_LIMOUSINE_SERVICE,_LLC"
West Seneca,CENTER_ROAD_BAPTIST_CHURCH
Utica,CENTRAL_N_Y_WHEELCHAIR_TRANSP_INC.
Jackson Heights,CENTRAL_VAN_SERVICE
Forist Hills,CENTURY_AMBULANCE_SERVICE_INC.
Surprise,CHALET_SERVICES
Plattsburgh,CHAMPLAIN_VALLEY_EDUCATIONAL_SERVS.
Buffalo,CHARTER_SCHOOL_FOR_APPLIED_TECHOLOG
Chateaugay,CHATEAUGAY_CS
East Islip,CHATTERBOX_DAY_SCHOOL
Freeport,CHECKER_TRANSPORTATION_CORP.
Yonkers,CHEERFUL_TRANSPORTATION_SERVICE_INC
Corona,"CHELSEA_EXPRESS_TRANSPORTATION,_INC"
Binghamton,CHENANGO_VALLEY_CENTRAL_SCHOOL
Chester,CHESTER_UNION_FREE_SCHOOL
Nyack,CHILDREN_OF_AMERICA_ED_CHILD_CARE
Macedon,CHILDREN'S_CONTINUOUS_CARE_INC
Liverpool,CHILDRENS_DISCOVERY_CENTER
Lancaster,CHILDRENS_KASTLE
Merrick,CHILDRENS_NEST_INC
Flushing,CHINA_VIP_EXPRESS
Albany,CHRISTIAN_BROTHERS_ACADEMY
Williamsville,CHRISTIAN_CENTRAL_ACADEMY
Middle Village,CHRIST_THE_KING_REGIONAL_H.S.
Larchmont,"CILS,_LTD"
Flushing,CITIED_EXPRESS_INC
Jamaica,"CITIVAN_LINES,_CORP"
Syracuse,"CITY_SCHOOL_DIST._SYRACUSE,_NY"
East Elmshurst,CITY_TRAVEL_NYC_INC
Bronx,CITYWIDE_MOBILE_RESPONSE_CORP
Flushing,CIVIC_EXPRESS_INC
Newark,CJ-MAK_TRANSPORTATION
Watertown,CLEVELAND_SERVICES
Monroe,CLOVE_COACH_LLC
New Rochelle,CLOVIS_COLEY
New York,CLUB_@_EAST_60TH_STREET
Larchmont,CLUB_ELITE_TRANSPORTATION_CORP.
Amsterdam,CMF_TRANS_CORP.
Woodbury,COACHMAN_LUXURY_TRANSPORTATION_INC
Elmont,COALO_AMBULETTE_SERVICE
New Rochelle,COE_TRANSP.
Brooklyn,COLING_AMBULETTE_SERVICE
Sayville,COLONIAL_TRANSPORTATION
Staten Island,"COMFORT_EXPRESS,_INC"
Paramus,COMMUNITY_COACH_INC.
Port Jefferson Sta,COMSEWOGUE_CSD
Brooklyn,CONG._BNEI_SHLOMO
Brooklyn,CONG_DARKEI_AVOS_SANZ_INC.
Brooklyn,CONG_RECHEV_YISROEL
Brooklyn,CONGREGATION_ADAS_YEREIM
Springvalley,CONGREGATION_ADAS_YEREIM_OF_MONSEY
Brooklyn,CONGREGATION_AHAVAS_SHULEM
Brooklyn,CONGREGATIONAL_YALDEI_KODESH
Brooklyn,CONGREGATION_BETH_MORDECHAI
Monsey,CONGREGATION_BOBOVER_YESHIVA_OF_MON
Brooklyn,CONGREGATION_KEREN_HACHESED
Brooklyn,CONGREGATION_MATEN_TORAH
Brooklyn,CONGREGATION_OHR_MENACHEM
Monsey,CONGREGATION_TORAS_EMACHU_INC.
Brooklyn,CONG_YESHIVA_BEIS_CHAYA_MUSHKA
Monsey,CONG._YESHIVA_BETH_MIKROH
Valley Cottage,CORAL_DAYCARE
Painted Post,CORNING_CITY_SCHOOL_DISTRICT
Corona,CORONA_HEIGHTS_TRANSPORTATION_CORP
Katonah,COUNTRY_CHILD_CENTER_INC.
Avon,COVERED_WAGON_TOURS_LLC
Bronx,C_P_C_TOURS
Kenmore,CREATIVE_CHILD_DAY_CARE_CENTER
Brooklyn,CRESCENT_CHARTER_SERVICE_INC
College Point,CRISTAL_HEIGHTS_INC.
Yonkers,CROSS_COUNTY_BUS_CORP.
Crown Point,CROWN_POINT_CENTRAL_SCHOOL
Brooklyn,CRYSTAL_TOUR_INC.
Fairport,DAGOSTINO_LEARNING_GROUP
Flushing,DAHLIA_GROUP_INC
Elmhurst,DANIELA'S_TRANSPORTAION
Franklin Square,DANIELLE'S_LIMOUSINE
Elmont,DANNYS_LIMO_NY_INC
Dansville,DANSVILLE_CENTRAL_SCHOOL
New Lebanon,DARROW_SCHOOL
Bayshore,DAVID_BROS._TAXI_INC.
Saranac Lake,DBA_POLAR_EXPRESS_TRANS._SERVICES
Buffalo,D_C_TRANSPORT_OF_WNY_INC.
Bronx,"DELFENIC_ENTERPRISES,_INC"
Valley Stream,DEPENDABLE_AMBULETTE
Staten Island,DEPENDABLE_BUS_SERVICE
Geneva,DESALES_HIGH_SCHOOL_DIOCESE_OF
Smithtown,DEVELOPMENTAL_DISABILITIES_INST_INC
New York,DEWITT_HEAD_START
Brooklyn,DEZ_N_JAZ_TRANSPORTATION_INC
Dunkirk,"D_&_F_TRAVEL,_INC."
Brooklyn,D.H.&_E_TRANSPORTATION_INC
Brooklyn,DIAMOND_JOURNEY_INC
E. Elmhurst,DIANA_RESTREPO_DBA_JV_TOURS
Niagara Falls,D.J._THE_DEE_JAY_MUSIC_AND_LIMOUSIN
White Plains,D.L.C._LIMOSINE_SERVICE_INC.
Brooklyn,D.L.E._BUS_SERVICE_INC.
Johnstown,DON_BROWN_BUS_SALES_(JOHNSTOWN)
Cheektowaga,DOODLE_BUGS!_CHILDREN'S_CENTERS
New York,DOREWAY_TRANSPORTATION_SERVICES_LLC
Brooklyn,DOUBLE_DIAMOND_TRANSPORTATION_SERVI
Downsville,DOWNSVILLE_CENTRAL_SCHOOL
New Hartford,D_&_T_TRANSPORT_LLC
Dunkirk,DUNKIRK_CITY_SCHOOLS
Millbrook,DUTCHESS_DAY_SCHOOL
South Cairo,EARLY_CHILDHOOD_LRNG_CTR_GREENE_CO
East Marion,EASTERN_SUFFOLK_TRANSPORTATION_LLC
Flushing,EASTERN_VAN_SERVICE_LLC
Rochester,EAST_IRONDEQUOIT_CENTRAL_SCHOOL
East Rockaway,EAST_ROCKAWAY_U.F.S.D.
East Williston,EAST_WILLISTON_U.F.S.D.
New York,EC2_BUS_CORP
Scarsdale,EDGEMONT_UNION_FREE_SCHOOL_DIS
Brooklyn,EDUCATIONAL_INSTITUTE_OHOLEI_TORAH
Depew,EDUKIDS
Valley Stream,EDUMATTERS_LLC.
Russell,EDWARDS_KNOX_CENTRAL_SCHOOL
Brooklyn,ELBRUS_AMBULETTE_INC.
Yaphank,ELEGANT_WINE_TOURS_OF_L.I._LTD
Fairport,ELITE_LIMOUSINE_&_CORPORATE_TRANS
Ellenville,ELLENVILLE_CENTRAL_SCHOOL
Elmira Heights,ELMIRA_HEIGHTS_CENTRAL_SCHOOL
Buffalo,ELMWOOD_FRANKLIN_SCHOOL
Cortland,"ELS_LIMO,_LLC"
Patchogue,EMANUEL_LUTHERAN_CHURCH
Brooklyn,EMES_BUS_CORP
Brooklyn,EMPIRE_CHARTER_SERVICE_INC
Jamaica,EMPIRE_LINK_CORPORATION
Hauppauge,"ENERGY_AMBULETTE_SERVICES,_INC."
Hempstead,E.O.C._OF_NASSAU_COUNTY
Tonawanda,ERIE_COUNTY_SPCA
Fredonia,ERIE_II_CHAUT._CATT._BOCES
Elmira Heights,ERWAY_AMBULANCE_SERVICE
Kingston,ETHAN_ALLEN_TRANSPORTATION
Flushing,EURO_USA_INTL_INCORPORATED
Long Island City,EVANGEL_CHRISTIAN_SCHOOL
Mt Tremper,EVCO_TRANSPORT_INC
Queens,EXCALIBUR_TRANSPORTATION_INC.
Rochester,EXCEL_TRANSPORTATION
Endicott,EXECUTIVE_FLEET_INC
New York,"EXPERIENCE_THE_RIDE_NY,_LLC"
Yonkers,E-Z_BUS_LLC
Fabius,FABIUS-POMPEY_CENTRAL_SCHOOL
Port Washington,FACTORY_DIRECT_BUS_SALES_(ELMSFORD)
Coram,FAITH_BAPTIST_CHURCH
Mineola,FAMILY_&_CHILDRENS_ASSOCIATION
Hancock,FAMILY_FOUNDATION_SCHOOL
Portchester,FAMILY_SERVICE_OF_WESTCHESTER_INC.
Bronx,FAMILY_TOURS_INC.
Hicksville,FANTASY_PARTY_BUSES_INC.
Farmingdale,FARMINGDALE_UFSD
Selden,"FAVORITE_LIMO_BUS_COMPANY,_INC"
Long Island City,FAZTUR_INC
Far Rockaway,FELIPE_&_ELMER_TRANSPORT
Corona,FERNANDEZ_TRANSPORTATION
Mt. Vernon,FIELDS_BUS_SERVICE
Fillmore,FILLMORE_CENTRAL_SCHOOL_DISTRI
Bronx,FIRST_ALERT_AMBULETTE_CORP
West Seneca,FIRST_BAPTIST_CHURCH_OF_WEST_S
Owego,FIRST_CHURCH_OF_THE_NAZARENE
Brooklyn,FIRST_N.Y_LUXURY_LIMOUSINES_INC.
Glendale,FIRST_RESPONSE_INC.
Setauket,FIRST_STEPS_DISCOVERY_CEN.
Brooklyn,FIRST_STEPS_TRANS_INC.
Cincinnati,FIRST_TRANSIT
Canandaigua,FIRST_TRANSIT_INC_(CANANDAIGUA)
Cuba,FIRST_TRANSIT_INC_(CUBA)
New York,FISCHBACH_FOOD_TOUR
Lawrence,FIVE_TOWNS_COMMUNITY_CENTER
Cedarhurst,FIVE_TOWNS_LIMOUSINE
Elmont,FLAUNT_CULTURE_LLC
Corona,FLUSHING_MEDICAL_AMBULETTE_INC
Fonda,FONDA_FULTONVILLE_CENTRAL
Forestville,FORESTVILLE_CENTRAL_SCHOOL
Brooklyn,"FOREVER_YOURS_TOURS,_INC."
Fort Ann,FORT_ANN_CENTRAL_SCHOOL
Fort Edward,FORT_EDWARD_PUBLIC_SCHOOL
Fort Plain,FORT_PLAIN_CENTRAL_SCHOOL
Chestnut Ridge,FORWARD_BUS_TRANS._INC.
Oneida,"FOUR_DIRECTIONS_GROUND,_LLC"
Getzville,FOUR_SEASONS_CHILD_CARE_CENTER
Ogdensburg,FOX_MC_LELLAN_FUNERAL_HOME
Brooklyn,FOXTAIL_TOURS_INC
Chester,FOZIA_THURSTON_BUS_CO.
Brooklyn,FRAGE_MOBILE_SERVICES_INC.
Warwick,FRANCIS_AGBO_DBA_AMPA_COACH_AMBULET
Franklin,FRANKLIN_CENTRAL_SCHOOL
Malone,FRANKLIN_CO._ASSOC._OF_SENIOR
Locust Valley,FRIENDS_ACADEMY
Schenectady,FRIENDSHIP_BAPTIST_CHURCH
Friendship,FRIENDSHIP_CENTRAL_SCHOOL
Elmhurst,FRIEND'S_SCHOOL_BUS_TRANSPORTATION
Buffalo,"FRIENDS_TO_THE_ELDERLY,YOUTH&FAMILY"
Elmhurst,FRIENDS_TRANSPORTATION
Hamburg,FRONTIER_CENTRAL_SCHOOL
Claryville,FROST_VALLEY_YMCA
Clearfield,FULLINGTON_AUTO_BUS_CO.
Fulton,FULTON_CONSOLIDATED_SCHOOL
Yonkers,FWDO_TRANSPORTATION_LLC
New York,G4S_SECURE_SOLUTIONS_D/B/A_G4S
Garden City,GARDEN_CITY_PUBLIC_SCHOOLS
Jackson Heights,GARDEN_SCHOOL
Garrison,GARRISON_UNION_FREE_SCHOOL
Williamsville,GATEWAY_LONGVIEW
Brooklyn,GEMACH_CHASDI_YOEL_OF_WILLIAMSBURG
Bronx,GENERAL_AMBULETTE
Belmont,GENESEE_VALLEY_CENTRAL_SCHOOL
Geneseo,GENESEO_CENTRAL_SCHOOL_DISTRIC
Bronx,GENESIS
Churchville,"GENTLE_OUTINGS,_LLC"
Elmurst,GIANLOUI_TRANS_CORP
Jamaica,GIFTED_MINDS_ACADEMY
Gilbertsville,GILBERTSVILLE_MOUNT_UPTON_CS
Brooklyn,"G_&_L_AMBULETTE_CO.,_INC."
Valley Stream,GLOBEL_VANS_LLC_D/B/A/_IJI_COACH
Valley Stream,GLORIA'S_TRANSPORTATION
Jackson Hts.,GLORI'S_TRANSPORTATION
Brooklyn,GOLDEN_AGE_AMBULETTE_INC.
Staten Island,GOLDEN_EAGLE_TRANSPORTATION_INC
Putnam Valley,GOLDEN_KNIGHT_LIMOUSINE_II_LLC
Rochester,GOLDEN_MEMORIES_TRANS
Brooklyn,GOLDEN_RING_TRANSPORTATION_INC
Franklin Square,GOLD_STAR_TRANSPORTATION_LTD
Far Rockaway,GONZALEZ_BUS_SERVICE_CORP.
Tonawanda,GOODCARE_HOME_HEALTH_SERVICES
Gouverneur,GOUVERNEUR_VOLENTEER_RESCUE_SQUAD_I
Gowanda,GOWANDA_CENTRAL_SCHOOL
South Wales,GOW_SCHOOL
Elmhurst,GRACIELA'S_TRANSPORTATION
Lockport,GRAND_ISLAND_TRANSIT_CORP.
Amsterdam,GREATER_AMSTERDAM_SCHOOL_DISTRICT
Binghamton,GREATER_BINGHAMTON_HEALTH_CENTER
Elmira,GREATER_SOUTHERN_TIER_BOCES
Dobbs Ferry,GREENBURGH_ELEVEN
Brewster,GREEN_CHIMNEYS_SCHOOL
Chestnutridge,GREEN_MEADOW_WOLDORF_SCHOOL
Greenport,GREENPORT_PUBLIC_SCHOOLS
Greenwood Lake,GREENWOOD_LK_TAXI_&_TOWNCARS_INC.
Williamsville,GREENWOOD_MEDICAL_TRANSPORT_SERVICE
Groton,GROTON_CENTRAL_SCHOOL
Babylon,GROUND_TRANS_AMERICA_INC.
Richmond Hill,"GUARANTEED_AMBULETTE,_INC."
Medford,HABITOTS_OF_MEDFORD
Tarrytown,HACKLEY_SCHOOL
Cold Spring,HALDANE_CENTRAL_SCHOOL
"Laurelton, Queens",HAL_TRANSPORTATION
Rego Park,HANNAH_MEDTRANS_INC.
Hannibal,HANNIBAL_CENTRAL_SCHOOL
Lic,"HAPPY_DAY_TRANSIT,_INC"
Flushing,HAPPY_FACE_SCHOOL_BUS
Bohemia,HAPPY_HOME_CHILD_CARE_LTD
St. James,HARBOR_COUNTYR_DAY_SCHOOL
Sea Cliff,HARBOR_DAY_CARE_CENTER
Centreach,HARBOR_VIEW_EAST
Harrisville,HARRISVILLE_CENTRAL_SCHOOL
Hauppauge,HAUPPAUGE_UFSD
Poughkeepsie,HAWK_MEADOW_MONTESSORI_SCHOOL
Hawthorne,HAWTHORNE_CEDAR_KNOLLS
Hawthorn,HAWTHORNE_COUNTRY_DAY_SCHOOL
Staten Island,H_&_B_SUPER_EXPRESS
Nyack,HEAD_START_OF_ROCKLAND
Moravia,HELPING_HANDS_TRANSPORTATION
Bayville,HENDRICKSON_BUS_CORP.
Albertson,HENRY_VISCARDI_SCHOOL
Palmyra,HERITAGE_BAPTIST_CHURCH
Dekalb Junction,HERMON-DEKALB_CENTRAL_SCHOOL
Bellport,HERMON_E._SWEZEY_CO._INC.
Brooklyn,"HERNANDEZ_AMBULETTE,_CORP."
Woodmere,HEWLETT_WOODMERE_UFSD
Plainview,HICKORY_HILL_DAY_SCHOOL
Bronx,HIGH_END_TRAVELS_INC
Spring Valley,HIRSCH_YESHIVAH
Hempstead,HOFSTRA_UNIVERSITY
Holland,HOLLAND_CENTRAL_SCHOOL
Buffalo,HOLY_ANGELS_ACADEMY
Hicksville,HOLY_TRINITY_H.S.
Hoosick Falls,HOOSICK_FALLS_CENTRAL_SCHOOL
Bronx,HOPE_AMBULETTE
Brooklyn,"HORIZON_TRANSPORTATION_SERVICE,_INC"
Houghton,HOUGHTON_ACADEMY
Utica,HOUSE_OF_THE_GOOD_SHEPHERD
Highland Falls,HUDSON_VALLEY_LIMOUSINE_SERVICE_LLC
Coxsackie,HUNTER_MOTOR_COACH_INC.
Tannersville,HUNTER_TANNERSVILLE_CS
East Northport,HUNTINGTON_COACH_CORP.
Huntington Station,HUNTINGTON_COACH_LLC
New York,HUSH_TOURS_INC.
Flushing,IMMANUEL_GENIUS_INC.
Hicksville,IMPACT_LIMO_INC.
Indian Lake,INDIAN_LAKE_CENTRAL_SCHOOL
Rochester,INDIAN_SPRINGS_CHILDCARE_(BANNERS)
Babylon,INTER_COUNTY_MOTOR_COACH
Astoria,INTERFACE_TOURS_AND_MUSIC_INC
Brooklyn,INTERNATIONAL_BAPTIST_CHURCH
Hoboken,INTERNATIONAL_BUS_SERVICE_INC.
Amsterdam,I.PERSCH_INC.
Elma,IROQUOIS_CENTRAL_SCHOOL
New York,IRY_INC.
Bayshore,ISLAND_MED_INC._TRANSPORT_INC
Island Park,ISLAND_PARK_U.F.S.D.
Bayshore,ISLAND_WIDE_AMBULETTE_SERVICE
North Massapequa,IT'S_SHOWTIME_LIMOUSINE_INC.
Flushing,IVY_TOURS
Douglaston,I_&_Y_TRANSIT_CORP
Jackson Heights,JACKSON_DEVELOPMENTAL_CENTER
Deer Park,JACKSON_HEIGHTS_SALES_INC
Jamaica,JAMERICAN_COACH
Kew Gardens,JANET'S_SCHOOL_SHUTTLE
South Ozone Park,JAYBEE_BUS_TRANSPORTATION_INC
Queens Village,JB_TOURS_INC
Plattsburgh,JCEO
Jamaica,J.C._TOURS
Oceanside,"J_D'S_LIMOUSINE,_INC."
Jefferson,JEFFERSON_CENTRAL_SCHOOL
Woodside,JENNIFER_TRANSPORTATION
Tarrytown,JEWISH_COMMUNITY_CTR__HUDSON
Staten Island,JEWISH_FOUNDATION_SCHOOL_OF_S.I.
Elmhurst,JEWISH_INSTITUTE_OF_QUEENS
Briarwood,JF_KIDS_SPORT
Auburn,J_&_J_LIMOUSINE
Queens Village,J.L._TOURS
North Woodmere,J_&_M_AIRPORT_SHUTTLE_SERVICE_INC
Bronx,JMR/ROCKY_SPORTS_LIMITED
Corona,J_NEW_WORLD_BUS_SERVICE
Hurley,JOHN_A._COLEMAN_CATHOLIC_H.S.
Johnson City,JOHNSON_CITY_CENTRAL_SCHOOL
Plattsburgh,JOINT_COUNCIL_FOR_ECON._OPPOR.
Bronx,JORA_MGT_CORP
Jordan,JORDAN_ELBRIDGE_CEN._SCH.
Flushing,JOVIAL_CORP
East Elmhurst,J._P._AMBULETTE_CORP.
Brooklyn,JRB_TRANSPORTATION_INC
Bronx,JR_BUS_COMPANY_INC
East Elmhurst,KASSE_BUS_CORP.
Ryebrook,KELLY_TRANSP.
Kendall,KENDALL_CENTRAL_SCHOOL_DISTRIC
College Point,KENLEYS_TRANSPORTATION_INC
Queens Village,KENNEDY-LAGUARDIA_DOOR-TO-DOOR_INC.
Mount Sinai,KENNETH_BARTON_ENTERPRISES_INC.
Lebanon,KENSINGTON_BUS_CO
Kenmore,KENTON_FAMILY_BRANCH_YMCA
Nunda,KESHEQUA_CENTRAL_SCHOOL_DISTRI
Brooklyn,"KHAL_DIVRE_CHAIM,_INC"
Brooklyn,KHAL_ICHUD_CHASIDIM
Lynbrook,KIDDIE_ACADEMY_OF_LYNBROOK
Syosset,KIDDIE_ACADEMY_OF_SYOSSET
Glen Cove,KIDS_BY_THE_BUNCH_DBA_TUTOR_TIME
Williamsville,"KIDS_KORNER,_INC."
Mahopac,KIDZ_COUNTRY_PREMIER
Rochester,KINDERCARE_LEARNING_CENTER_(DBA)
Bronx,KINGSBRIDE_HEIGHTS_COMMUNITY_CENTER
Brooklyn,KISMET_VAN_SERVICE_INC.
Bellmore,KIS_PARTY_BUS_CORP.
Niagara Falls,KSW99_CORPORATION
Flushing,KUM_GANG_TOUR_INC.
Penn Yan,K._VENTURES
Lafayette,LAFAYETTE_CENTRAL_SCHOOL
Lake Placid,LAKE_PLACID_CENTRAL_SCHOOL
Lake Placid,LAKE_PLACID_MARINA_CORP.
Buffalo,LAKE_SHORE_BEHAVIORAL_HEALTH_INC.
New Hyde Park,LAKEVILLE_AMBULETTE_TRANSP._LLC
Brooklyn,L.A.L._LIMOUSINE_CORP.
Albertson,"LANCELOT_LIMOUSINE_SERVICES,INC"
Laurelton,LANDON'S_TRANSPORTATION
Troy,LANSINGBURG_BOYS_AND_GIRLS_CLUB
Brooklyn,LA_ROZA_INC.
Troy,LASALLE_INSTITUTE
W. Hempstead,LATINO_AMBULETTE_SERVICE
Laurens,LAURENS_CENTRAL_SCHOOL
Canton,LAWRENCE_AMBULETTE
Staten Island,LBJ_TRANSPORTATION_CORP.
Valley Cottage,LDM_TRANSPORTATION_CORP.
Middle Village,"LEARNING_TREE,_THE"
Baldwin,LEGACY_LIMOUSINES_BY_M_&_J_LLC
Massapequa,LEGAL_LIMOUSINES_INC.
Brooklyn,LEINAD_SERVICES_INC
Queens Village,LENNY'S_VAN_SERVICE
Saratoga Springs,LEONARD_BUS_SALES_INC
Bronx,LEONARDO_TRANSPORTATION_CORP.
Jamaica,"LEONS_AMBULETTE,_INC."
Hawthorne,LEROS_POINT_TO_POINT_INC.
Gainesville,LETCHWORTH_CENTRAL_SCHOOL
Brooklyn,LEV_BAIS_YAAKOV_TRANSPORTATION
Elmhurst,L_&_H(NY)_TRANSPORTATION_INC
Liberty,LIBERTY_CENTRAL_SCHOOL
Brooklyn,LIBERTY_TRANSIT_CORP
"Port Jeff. Sta,",L.I._ELITE_LIMOUSINE_INC.
Far Rockaway,LIFE_CARE_AMBULETTE_INC
Brooklyn,LIL_DANTE_BUS_COMPANY_LLC
Brookville,L._I._LUTHERAN_MIDDLE_&_HIGH_SCHOOL
Buffalo,LIL_WORKERS_CHILD_DEVELOPMENT
Buffalo,"LINCOLN_CHILD_DAY_CARE,_INC."
Lincolndale,LINCOLN_HALL
Buffalo,LINCOLN_MEMORIAL_UNITED_METHODIST_C
E Elmhurst,LITTLE_ANGELS_TRANSPORTATION
Brooklyn,LITTLE_ANGELS_TRANS_SERVICE_LLC
Woodhaven,LITTLE_DOLPHIN_TRANSPORT_INC
Little Falls,LITTLE_FALLS_CITY_SCHOOL
Williamsville,LITTLE_RED_SCHOOL_HOUSE
Deer Park,"LITTLE_SCHOLARS_CHILD_CENTER,_INC."
Westbury,"LITTLE_SPONGES_DAYCARE,_LLC"
Mt. Morris,LIVINGSTON_COUNTY_HEADSTART
Mt. Morris,LIVINGSTON-WYOMING_ARC(HILLTOP
Brooklyn,L_&_L_TRANS.
Holbrook,LMT_TRANSPORTATION_INC
Long Lake,LONG_LAKE_CENTRAL_SCHOOL
Yonkers,LORANT'S_TOUR_CORP.
Depew,LORD_OF_LIFE_LUTHERAN_CHURCH
Lowville,LOWVILLE_CENTRAL_SCHOOL
Garden City,L_Q_GARDEN_CITY_LLC
Brooklyn,"LSLAT,INC.DBA_OLYMPIC_TRANSPORTATIO"
East Elmshurst,LTTTLE_ANGELS_SCHOOL_BUS_SERVICE
Jackson Heights,LUCY_TRANSPORTATION
Flushing,L_&_W_EXPRESS_VAN_SERVICE_CORP
Lyndonville,LYNDONVILLE_CENTRAL_SCHOOL
Lyons,LYONS_CENTRAL_SCHOOL
Williamsville,MAC_TRASPORTATION_AND_TOURS_LLC
Morrisville,MADISON_CO._COOP_EXTENSION
Elmont,MAGIC_WORLD_TRANSPORTATION_CORP
Brooklyn,MAJESTIC_TRANSPORTATION_INC
Malverne,MALVERNE_UFSD
Mamaroneck,MAMARONECK_CHILD_DEVELOPMENT
Brooklyn,MANAGE_TRANSIT_CORP
Staten Island,MANHATTAN_AIRPORTER_INC
Roxbury,MANHATTEN_COUNTRY_SCHOOL
Amenia,MAPLEBROOK_SCHOOL
Wantagh,MAPLEWOOD_NURSERY_SCHOOL
Hartsdale,MARIA_REGINA_HIGH_SCHOOL
Syracuse,MARICARE_TRANSPORT
Marion,MARION_CENTRAL_SCHOOL_DISTRICT
Brooklyn,MARIO'S_TRANSPORTATION
Springfield Gardens,MARTIN_DEPORRES_SCHOOL_INC.
Corona,MARTINEZ_BUS_SERVICE
Rochester,MARY_CARIOLA_CHILDREN'S_CENTER
Massena,"MASSENA_TRANSPORT,_LLC"
Smithtown,"MATRIX_POSH,_LLC"
Syosset,M.A.T.S.S._KID'S_GYM
Dansville,MATTHEWS_(23443)_LOANER_BUSES
Dansville,MATTHEWS_BUSES_INC_(DANSVILLE)
Maybrook,MATTHEWS_BUSES_INC_(MAYBROOK)
Brooklyn,MAYFLOWER_COACH_INC.
Hawthorne,MAYOOR_TRANSPORTATION_INC.
Rochester,MCQUAID_JESUIT_HIGH_SCHOOL
Brooklyn,MED_FLEET
Bronx,MEDICAL_EXPRESS_INC.
Wellsville,MEDICAL_TRANSPORT_SERVICE_INC
Brooklyn,MEDI_TRANS
Brooklyn,MEDSTAR_AMBULETTE_INC
Brooklyn,MEGA_EXPRESS_INC
Rego Park,MEGA_LINE_INC
Scotia,MEKEEL_CHRISTIAN_ACADEMY
Staten Island,MERCY_CARE_TRANSPORTATION_INC.
Ridgewood,MERIT_TRANSPORTATION_INC.
Merrick,MEROKEE_DAY_SCHOOL
Elmhurst,MERY'S_TRANSPORTATION
Rochester,METROPOLITAN_LIMOUSINES_&_FH
Brooklyn,MICKEY_TRANSPORTATION_INC.
Middleburgh,MIDDLEBURGH_CENTRAL_SCHOOL
Middletown,MIDDLETOWN_DAY_NURSERY_ASSOC._INC.
Poughkeepsie,MID-HUDSON_LIMOSINE_SERVICE_INC.
Brooklyn,MIDWOOD_AMBULETTE_SER._INC.
Milford,MILFORD_CENTRAL_SCHOOL
Millbrook,MILLBROOK_SCHOOL
New York,MING_AN_INC.
Jamaica,MIRACLE_EXPRESS_TRANSPORTATION
Valley Cottage,M.J._CARR_SERVICE
Brooklyn,MJT_BUS_COMPANY_INC
Brooklyn,M_J_TRANS_CORP
Woodside,M._M._SCHOOL_BUS_SERVICE
Summit,MOBILITY_PLUS
Utica,MOHAWK_VALLEY_COMMUNITY_ACTION
Spencerport,MONROE-2-ORLEANS_BOCES
Rochester,MONROE_TRANSPORTATION_SERVICES
Bronx,MONSIGNOR_SCANLAN_HIGH_SCHOOL
Port Henry,MORIAH_CENTRAL_SCHOOL
Morristown,MORRISTOWN_CENTRAL_SCHOOL
Morrisville,MORRISVILLE_AUX_OF_AG_&_TECH
Brooklyn,MOSDUS_CHASDEI_SQUARE
Kenmore,MOUNT_ST._MARY_ACADEMY
Kenmore,MOUNT_ST._MARY_DAYCARE_CENTER
Brooklyn,MOZART_TRANSPORTATION_CORP.
Jamaica,MR._SOLOMON'S_TRANSPORTATION_CORP.
Schenectady,"MSO_AMBULETTE_SERVICE,_LLC"
Patterson,MT._TREMPER_OUTDOOR_MINISTRIES_INC.
Buffalo,MY_KIDS_CHILD_CARE_CENTER
Buffalo,MY_PRECIOUS_ANGELS_CHILDCARE
Elmhurst,MYRIAMS_TRANS.
Brooklyn,M_&_Y_TOUR_INC
Brooklyn,MYTRANS_CORP
Nanuet,NANUET_UNION_FREE_SCHOOL_DISTR
Buffalo,NARDIN_ACADEMY
Buffalo,NATIVITY_MIGUEL_MIDDLE_SCHOOL
New York,NATIVITY_MISSION_CENTER
Brooklyn,NAZARETH_REGIONAL_H.S.
Brooklyn,NBY_TRANSPORTATION_INC
Jamaica,NEVILLE_I._JAMES
Newark,NEWARK_CENTRAL_SCHOOL
Newcomb,NEWCOMB_CENTRAL_SCHOOL
Newfane,NEWFANE_ABCD
Arverne,NEW_GENERATION_BUS_CO.
New Hartford,NEW_HARTFORD_CENTRAL_SCHOOL
New Hyde Park,NEW_HYDE_PARK_U.F.S.D.
New Suffolk,NEW_SUFFOLK_SCHOOL_DISTRICT
Brooklyn,NEW_TOURS_COACH_INC
Ravena,NEW_YORK_BUS_SALES_LLC
Chittenango,"NEW_YORK_BUS_SALES,_LLC"
West Islip,NEW_YORK_LIMO_BUS
Cornwall On Hudson,NEW_YORK_MILITARY_ACADEMY
White Plains,NEW_YORK_SCH._FOR_THE_DEAF
New York,NEW_YORK_SPRINTER_TOURS
Holbrook,NEW_YORK_STYLE_LIMO_INC.
New York,NEW_YORK_TROLLEY_CO_LLC
Niagara Falls,NIAGARA_CATHOLIC_JR/SR_HIGH_SC
Niagara Falls,NIAGARA_EXPRESS
Niagara Falls,NIAGARA_MAJESTIC_TOURS_INC
Hamburg,NIAGARA_SCENIC_TOURS_INC.
Watertown,"NNY_TRANSPORT,_INC._DBA_ELITE_MEDIC"
Latham,NORTH_COLONIE_CENTRAL_SCHOOL
Fort Edward,NORTH_COUNTRY_ACADEMY_LLC
Hawthorne,NORTH_EAST_WEST_SPECIAL_REC.
Grand Gorge,NORTHERN_CATSKILL_OCC_CTR.
Mt. Kisco,NORTHERN_WESTCHESTER_BOYS&GIRLS_CUB
Aquebogue,NORTH_FORK_TROLLEY_COMPANY_INC
North Merrick,NORTH_MERRICK_UFSD
Northport,NORTHPORT/EAST_NORTHPORT_UFSD
Glenwood Landing,NORTHSHORE_CSD
Glen Cove,NORTH_SHORE_DAY_SCHOOL
Manhasset,NORTH_SHORE_TRANSPORTATION
Staten Island,NORTH_STAR_MOTOR_COACH_INC
Schenectady,NOTRE_DAME_BISHOP_GIBBONS_SCHOOL
Brooklyn,N.Q.T._BUS_INC.
Brooklyn,NY_BUS_CHARTER_INC
Melville,NYC_LUXURY_SERVICE_INC.
Brooklyn,NYC_METRO_CARE
Kingston,NYS_AGRI_BUSINESS_CHILD_DEV.
Batavia,NYS_AGRI-CHILD_CARE_PROGRAM
Brooklyn,NY_SKY_EXPRESS_INC
Batavia,NYS_SCHOOL_FOR_THE_BLIND
Pelham,NY_STYLE_LIMO_SUV_INC
Binghamton,OCC_TRANSPORT_INC
Odessa,ODESSA_MONTOUR_CENTRAL_SCHOOL
Jamaica,OGO_VAN_SERVICES
Brooklyn,OHOLEI_YOSEF_YITZCHOK_LUBAVITCH_INC
Hamburg,OLD_TIME_BAPTIST_CHURCH
Olean,OLEAN_CHILD_CARE_CENTERS
Olean,OLEAN_CITY_SCHOOLS
Elizabeth,OLYMPIA_TRAILS_BUS_CO._INC.
Richmond Hill,ONCE_UPON_A_TIME
Jackson Heights,ONE_WORLD_AMBULETTE
Warwick,ONFACO_INC._DBA_WHEELCHAIR_GET
Syracuse,ONONDAGA_CORTLAND_MADISON_BOCES
Nedrow,ONONDAGA_C/S_DISTRICT
New York,"OPENTOUR,_INC"
St. Johnsville,OPPENHEIM_EPHRATAH_CSD
Oneonta,OPPORTUNITIES_FOR_OTSEGO
Oriskany,ORISKANY_CENTRAL_SCHOOL
Ossining,OSSINING_UNION_FREE_SCHOOL_DISTRICT
Milford,OTSEGO_AREA_OCCUPATIONAL_CENTE
Oneonta,OTSEGO_COUNTY_CHAPTER_NYSARC_INC.
Syosett,OUR_LADY_OF_MERCY
Centereach,OUR_SAVIOR_CHURCH_&_SCHOOL
Niagara Falls,OVER_THE_FALLS_TOURS
Lagrangeville,OVER_THE_TOP_LIMOSINE
Owego,OWEGO-APALACHIN_CENTRAL_SCHOOL
Lee Center,PAINE_BUS_SERVICE
Clifton Park,PAL'S_AFTER_SCHOOL&SUMMER_CAMP_INC.
New York,PAPIS_TRANSPORT_CORP
L.I.C.,PARIS_LIMOUSINE_SERVICE_CORP
Kings Park,PARTY_LINE_LIMO._INC.
Flushing,PASTORA_TRANSPORTATION
Patchogue,PATCHOGUE_MEDFORD_CSD
New York,P.A.T._INTERNATIONAL_INC.
Uniondale,PAT_KAM_TRANSPORTATION
Syracuse,PATRICAN'S_LIMOUSINE_SERVICE_LTD
Pavilion,PAVILION_CENTRAL_SCHOOL_DISTRI
Buffalo,PEACE_OF_MIND_QUALITY_CHILD_CARE_IN
Brooklyn,"PEBBLES_TRANSPORTATION_CO.,_INC."
Penfield,PENFIELD_PRESBYTERIAN_CHURCH
New York,PEONY_TOURS_INC
Brooklyn,"PERFECT_CHOICE_AMBULETTE,_INC"
Freeport,PERFECTING_FAITH_CHURCH_INC
Poughkeepsie,PERSISTANT_CAR_SERVICE_CORP
Staten Island,PERSONAL_TOUCH_TRANSPORTATION_LTD.
New Hyde Park,PERSONAL_TRANSPORTATION
Secaucus,PETER_PAN_BUS_LINES_INC.
Brooklyn,PETE_&_SALS_HARBORVIEW_TRANSPORTATI
Brooklyn,P_&_G_TRANSPORTATION_INC
Cold Spring,PHILIPSTOWN_RECREATION_DEPT.
Flushing,"PHOENIX_TOUR_BUS_,_INC"
Jamaica,PICKWICK_SCHOOL_INC.
Schenectady,PILGRIM_HOLINESS_CHURCH
Pine Plains,PINE_PLAINS_CENTRAL_SCHOOL
Plainview,PLAINVIEW_OLD_BETH_PAGE_CSD
Plattsburgh,PLATTSBURGH_YMCA
New Rochelle,PLAYFUL_WONDERS_INC
Port Jervis,PORT_JERVIS_CITY_SCHOOL_DISTRICT
Locust Valley,PORTLEDGE_SCHOOL_INC.
Brooklyn,POST_TIME_ENTERPRISES_INC.
Poughkeepsie,POUGHKEEPSIE_CITY_SCHOOL
Prattsburg,PRATTSBURG_BUS_LINE
Whitestone,PRECIOUS_MOMENTS_NURSERY_DAY_CARE
Brooklyn,PREMIER_PARATRANSIT_LLC
Blauvelt,PRE_SCHOOL_PLAY_HOUSE_INC.
Brooklyn,"PRIME_TIME_BUS_CO.,_INC"
Amityville,PRIORITY_AUTO_&_FLEET
Brooklyn,PRIVATE_TRANSPORTATION
Woodhaven,PROFESSIONAL_TRANSIT_____D/B/A
Brooklyn,"PROGRAM_DEVELOPMENT_SERVICES,_INC"
Brooklyn,PROGRESS_TRANSIT_INC
Bronx,PRO_MED_AMBULETTE
Flushing,PROMISE_TOURS_INC
Putnam Station,PUTNAM_CENTRAL_SCHOOL
Brewster,PUTNAM_HEAD_START
Coeymans Hlw,Q-ROO_TRANSPORTATION
Sparowbush,QUALITY_BUS_SERVICE_LLC_(DISTRIB)
Victor,QUALITY_TRANSPORTATION_GROUP_INC
Valley Stream,QUEENS_EXPRESS_BUS_COMPANY
Buffalo,RAGGEDY_ANN_&_ANDY_COMPREHENSIVE
Bronx,RAINBOW_AMBULETTE_SVC
East Rockaway,RAINBOW_MEDICAL_TRANSPORTATION
Arcade,RAINBOW'S_END_DAYCARE
Yorktown Heights,RANDALLS_ISLAND_GOLF_SHUTTLE_INC
Raquette Lake,RAQUETTE_LAKE_UNION_FREE_SCHOOL
Ransomville,"RB_LINES,_INC."
Utica,R.C._DIOCESE_OF_SYRACUSE
Bronx,"RCR_TOURS,_INC"
Bronx,RD_2_SUCCESS_EXPRESS_INC
Niagara Falls,READY_TO_GROW_LEARNING_CENTER
New York,READY_TO_ROLL_TRANSPORTATION_INC
Flushing,"RECEPTIVE_TOURS,_INC"
Binghamton,REDI_VAN_INC
Albany,REHABILITATION_&_SUPPORT
Altamont,REHABILITATION_SUPPORT_SERVICES_INC
Islandia,RIDES_UNLIMITED_OF_NASSAU_&_SUFFOLK
Lyndonville,RIDGE_ROAD_EXPRESS_(LYNDONVILLE)
Portchester,RIDGE_ST._SCHOOL
Selden,RIGHT_CHOICE_LIMOUSINE_LLC
Holbrook,RIGHT_CHOICE_TRANSPORTATION
Buffalo,RIPEN_WITH_US_CHILD_CARE_CTR.
Brooklyn,RITE_CHOICE_AMBULETTE
Ogdensburg,ROBERT_BERG
Brooklyn,ROBIN_BUS_CO._INC.
Rochester,ROCHESTER_SCHOOL_FOR_THE_DEAF
Congers,ROCKLAND_COUNTRY_DAY_SCHOOL
Monsey,ROCKSHIRE_CORP_DBA_ROCKSHIRE_TRANSI
Liberty,ROLLING_V_BUS_CORP
Accrod,RONDOUT_VALLEY_CENTRAL_SCHOOL
Rockville Center,ROSA_LEE_YOUNG_CHILDHOOD_CENTER
East Hampton,ROSS_SCHOOL
Brooklyn,ROUND_TRIP_TRANSPORTATION_INC.
Roxbury,ROXBURY_CENTRAL_SCHOOL
"Rego Park,",ROYAL_EXPRESS_LINE_CORP
Valley Stream,ROYALTY_TRANSPORTATION_LLC
Yonkers,"ROYAL_WAY_LIMOUSINE,_INC"
Bronx,R_&_R_ROAD_LIMOSERVICE_INC
Nesconset,R_S_J_H
Staten Island,R_&_S_TRANSPORTATION
Dix Hills,RUMBA_EXPRESS_INC.
Yonkers,SACRED_HEART_HIGH_SCHOOL
Brooklyn,SAFA_AMBULETTE_LLC
Brooklyn,SAFE_AMBULETTE_CORP
Salamanca,SALAMANCA_CITY_SCHOOLS
"New Hyde Park,",SALMA_TRANSPORTATION_LLC.
Hempstead,SALVATION_ARMY_HEMPSTEAD_DAYCARE_CT
Little Neck,SAMUEL_FIELD_YM-YWHA
Hicksville,SANDRA_TRANSPORTATION
Yonkers,SATCO_AMBULETTE_INC.
Scarsdale,SCARSDALE_UNION_FREE_SCHOOL_DI
Schenectady,SCHEN._CO._ACTION_PROG._HEADSTART
Deposit,SCHOLASTIC_BUS_CORP.
Watkins Glen,SCHUYLER_CO._CHAPT._NYSARC
Scio,SCIO_CENTRAL_SCHOOL_DISTRICT
Bronx,SENIOR_RIDE_TRANSPORTATION_LLC
Peekskill,SETTEMBRE_BUS_CO_INC.
Williamsville,S_&_F_TRAVEL_INC
Holtsville,SHAMUS_COACH
Sherman,SHERMAN_CENTRAL_SCHOOL
Shoreham,SHOREHAM_WADING_RIVER_C.S.D.
Brooklyn,"SKYHAWK_TOURS,_INC."
Brooklyn,"SKYLINE_TOURS,_LLC"
Smithtown,SMITHTOWN_GOSPEL_TABERNACLE
Roosevelt,S_&_N_CHARTERS
Turin,SOUTH_LEWIS_CENTRAL_SCHOOL
Spencerport,SPENCERPORT_CENTRAL_SCHOOLS
Spencer,SPENCER_VAN-ETTEN_CENTRAL
E. Elmhurst,S._R._TRANSPORTATION
Cedarhurst,STAN'S_HUMMER_INC.
Deer Park,STAR_CITY_LIMOUSINE_INC
Hauppaugh,STARLIGHT_TOURS_INC
Flushing,STEPHANIE'S_SERVICE_INC
Brooklyn,STERLING_COACH_USA_LLC
Fresh Meadows,ST._FRANCIS_PREP
Staten Island,ST_JOSEPH_BY-THE-SEA_HIGH_SCHOOL
Buffalo,ST._JOSEPH_UNIVERSITY_PARISH
Munnsville,STOCKBRIDGE_VALLEY_CENTRAL_SCH
Cornwall,STORM_KING_SCHOOL
Bayshore,SUFFOLK_TRANSPORTATION_SERVICE
Brooklyn,SUNFLOWER_BUS_INC
Yaphank,SUNSHINE_CAMP_CORP.
Rochester,SUNSHINE_VILLAGE_CHILD_CARE_CENTER
Brewster,SUPERIOR_AMBULETTE_INC.
Brooklyn,SUPPORT_TRANSPORTATION_INC.
Ithaca,SWARTHOUT_COACHES
Brooklyn,TALMUD_TORAH_OF_KASHO
Brooklyn,TALMUD_TORAH_OHR_MOSHE
Brooklyn,TALMUD_TORAH_TZEMACH_TZADDIKVIZNITZ
E Elmhurst,TATIANA_TRANSPORTATION
Niagara Falls,TAXI_UNLIMITED_INC.
Poughkeepsie,TC_HUDSON_VALLEY_AMB_CORP_DBA_TRANS
Brentwood,"T_&_C_TOURS,_INC."
Far Rockaway,TEMANA_ASSOCIATES_INC.
Horseheads,TERP'S_ENTERPRISES_INC
Kew Gardens,TERRY_TRANS_DBA_MANHATTAN_AMBULETTE
Mount Vernon,T.F.D._BUS_CO_INC.
Inwood,THE_AMAYA_BUS
Eggertsville,THE_BUFFALO_ACADEMY_OF_THE_SACRED
Buffalo,THE_BUFFALO_SEMINARY
Jamaica,THE_LOVEBIRDS_BUS_&_VAN_SERVICE
West Chester,THG_TRANSPORT_INC
Ticonderoga,TICONDEROGA_CENTRAL_SCHOOL
Kenmore,TINY_TREASURES_DAY_CARE
Tioga Center,TIOGA_CENTRAL_SCHOOL_DISTRICT
Ossining,T.L.C._BUS_CORP.
Ossining,T.L.C_LIMISOUNE_CROP
Brooklyn,TNJ_TRANSPORTATION_-D/B/A
Staten Island,T.N.T._TRANSPORTATION_INC
Brooklyn,TOLDOS_MEIR_INC.
Elmhurst,TOMORROW_TOURS_INC.
Ronkonkoma,"TOP_LINE_TRANSPORT,_LLC"
C. Islip,TOTLEYS_INC.
Flushing,TOUR_LINE_INC
Albany,"TRANSHELP_TRANSPORTATION_SERVICES,L"
Woodside,TRANSXPRESS_SERVICES_INC
Brooklyn,TRAVEL_BY_SUPERIOR_INC.
Trumansburg,TRUMANSBURG_CENTRAL_SCHOOL
Tully,TULLY_CENTRAL_SCHOOL
Brooklyn,TWINS_AMBULETTE_SERVICE_INC.
New Windsor,UNION_AVE._Y
Brooklyn,UNITED_TALMUDICAL_SEMINARY
L.I.C.,UNIWORLD_TOURS_INC.
Dix Hills,UPPER_ROOM_CHRISTIAN_SCHOOL
Saratoga Springs,UPSTATE_TRANSIT_OF_SARATOGA_LLC
Elmhurst,VANYS_TRANS.
Far Rockaway,V&C_TRANSPORTATION
Waterford,WATERFORD_HALFMOON_SCHOOL_DISTRICT
Waterloo,WATERLOO_CENTRAL_SCHOOL
Waverly,WAVERLY_CENTRAL_SCHOOL_DISTRIC
Ontario Center,WAYNE_CENTRAL_SCHOOL
Oakdale,"WEDRIVEU,_INC"
Newport,WEST_CANADA_VALLEY_CENTRAL_SCH
Yonkers,WESTCHESTER_AMBULETTE_SERVICE_INC.
Buffalo,WESTERN_NY_MARITIME_CHARTER_SCHOOL
Syracuse,WESTHILL_CENTRAL_SCHOOL_DISTRI
Vails Gate,"WEST_POINT_TOURS,_INC._(HF)"
Saint James,WE_TRANSPORT_INC
Jamaica,WE_TRANSPORT_INC.
Hempstead,WE_TRANSPORT_INC._(GARDEN_CITY)
Roosevelt,WHITEHOUSE_EARLY_LEARNING_CENTER
Springfield Gardens,WHITESANDS_TRANSPORTATION_LLC.
Whitney Point,WHITNEY_POINT_CENTRAL_SCHOOL
Leroy,WILCOX_MINI_BUS_SERVICE
Roslyn,WILLOW_BUS_SERVICE
Yonkers,"WOLVERINE_LINE,_INC."
Worcester,WORCESTER_CENTRAL_SCHOOL
Flushing,WORLD_AMBULETTE_TRANSPORTATION_INC
New Square,YAD_EZRAH_INC.
Flushing,YEHUU_INC.
Brooklyn,YELED_V'YALDA_EARLY_CHILDHOOD_CTR.
Brooklyn,YESHIVA_BNOS_AHAVAS_ISRAEL
Brooklyn,YESHIVA_OF_KINGS_BAY_INC
Brooklyn,YESHIVA_R'TZAHD
Brooklyn,YISMACH_LEV_TRANS_CORP
Rochester,YMCA_OF_GREATER_ROCHESTER
Kingston,YMCA_OF_KINGSTON_AND_ULSTER_COUNTY
Middletown,YOUNG_MEN'S_CHRISTIAN_ASSOCIATION
Laurelton,YOUR_TRANSPORTATION_SERVICE_INC.
Depew,ABC_DAY_CARE
Saugerties,A_BLACK_TIE_LIMOSINE
Staten Island,A_&_B_VAN_SERVICE
Bronx,ACCESS_AMBULETTE
Plattsburgh,ADV0CACY_AND_RESOURCE_CENTER
Fredonia,AGRIBUSINESS_CHILD_DEVELOPMENT
Brooklyn,AHAVA_ACCESS_INC
Valley Stream,AIRPORT_TRANSPORTATION
New York,A_J_TRANSPORTATION
Ozone Park,ALI_COACH_INC
Valley Stream .,ALLURE_TRANSPORTATION_INC.
Staten Island,ALPHA_BUS_COMPANY
Schenectady,"ALTAMONT_AVENUE_TAXI,_LLC"
Brooklyn,AMBU-CARE_INC
Staten Island,AMERICAN_DREAM_COACHES_INC
Bedford Hills,AMERICAN_GYMNASTICS
Staten Island,AMERICAN_TOURS_&_TRAVEL_INC
Nanuet,AMERICAN_TRANSIT_OF_ROCKLAND_INC.
Brooklyn,ANCHOR_BUS_CO_INC
Andes,ANDES_CENTRAL_SCHOOL
Coram,ANGEL_CARE_AMBULETTE_INC.
Brewster,ANNA'S_AIRPORT_&_LIMO_SERVICE_INC.
Lagrangeville,ANN_TRANSPORTATION_CORP.
Bronx,AQUINAS_HIGH_SCHOOL
Rochester,AQUINAS_INSTITUTE
Brierwood,ARCHBISHOP_MOLLOY_HIGH_SCHOOL
Buffalo,ARIES_TRANSPORTATION_SERVICE
Armonk,ARMONK_LIMOUSINE_CAR_SERVICE_INC.
Brooklyn,"AROUND_NY_TOURS,_INC"
Rochester,"AROUND_TOWN_LIMOUSINE,_INC"
Forest Hills,ASC_TRANSPORTATION
East Islip,A_&_S_LIMOUSINES
Brooklyn,ASPIRITY_TRANS._INC.
New York,"ATTITUDE_NEW_YORK,_INC."
Union Springs,AUBURN_MEDICAL_TRANSPORT_CO._INC.
Brooklyn,"A_&_W_TOURS,_INC."
Ronkonkoma,BAMBI_TRANSPORTATION
Syracuse,BAND_AID_PERSONAL_CARE_SERVICES
Rego Park,"BARUKH_MEDICAL_TRANSPORTATION,_INC"
L.I.C.,BASIT-N-TARIO_AMB_SER_LTD
Port Chester,BATES_AMBULETTE_SERVICE
Beaver Falls,BEAVER_RIVER_CENTRAL_SCHOOL
Brooklyn,BEISCHINUCH_BEIKVEI_HATZION_INC.
Brooklyn,BELLA_BUS_CORP
Brooklyn,BEST_TRAILS_AND_TRAVEL_CORP
Brooklyn,BETH_JACOB_DAY_SCHOOL
Brooklyn,BILAL_EXPRESS_TRANSPORTATION_LTD
New Hyde Park,"BILSCARD_NEW_YORK,_INC."
Elmsford,BIRD_BUS_LEASING
Brooklyn,BISHOP_FORD_CENTRAL_H.S.
Rochester,BISHOP_KEARNEY_HIGH_SCHOOL
Astoria,"BLS_LIMOUSINE_SERVICE_OF_NY,_INC"
Brooklyn,BNOS_CHAYIL
Patchogue,BOCES_#1_OF_SUFFOLK
Goshen,BOCES_ORANGE/ULSTER
Mexico,BOCES_OSWEGO_COUNTY
Armonk,BREEZEMONT_DAY_CAMP
Briarwood,BRIAR_CENTER_INC
Bridgehampton,BRIDGEHAMPTON_UFSD
New Paltz,BRIGHT_BEGININGS_OF_NEW_PALTZ_INC.
Brocton,BROCTON_CENTRAL_SCHOOL
Amsterdam,BROWN_COACH_INC
Brooklyn,BRUNO_AMBULETTE_INC.
Middletown,BUNCHES_OF_LOVE_INC.
Corona,BUSY_BEE'S_TRANSPORTATION
Brooklyn,B_Z_TRANSPORTATION_CORP
Campbell,CAMPBELL-SAVONA_CENTRAL_SCHOOL
Hartsdale,CAMP_HILLARD_INC.
Canajoharie,CANAJOHARIE_CENTRAL_SCHOOL
Watertown,CAPC_OF_JEFFERSON_CO._INC._HEAD_STA
Bronx,CARDINAL_HAYES_HIGH_SCHOOL
Jamaica,CAREY_TRANSPORTATION_INC.
Carle Place,CARLE_PLACE_U.F.S.D.
Carthage,CARTHAGE_CENTRAL_SCHOOL
Islip,C&C_AMBULETTE_SERVICES_CORP
Flushing,CECILIA'S_J._TRANSPORTATION
Jamaica,CEDI_TRANSPORTATION_SERVICE
Port Washingtion,CHABAD_OF_PORT_WASHINGTON
Mineville,CHAMPLAIN_VALLEY_EDUCATIONAL_SERVS
Davenport,CHARLOTTE_VALLEY_CENTRAL_SCHOO
Freeport,CHECKMATE_TRANSPORTATION_CORP.
Mechanicville,CHILDREN'S_ACADEMY_OF_MALTA
Fort Drum,CHILD_&_YOUTH_SERVICES
Chittenango,CHITTENANGO_CENTRAL_SCHOOL
Brooklyn,CHRISTIAN_AMBULETTE_INC
Flushing,CIH_TOURS_INC
Star Lake,CLIFTON_FINE_CENTRAL_SCHOOL
Clinton,CLINTON_CENTRAL_SCHOOL
Nanuet,CONG_KOLLEL_NOAM_ELIMCH_LITZENKS
Monsey,"CONGREGATION_TALMUD_TORAH,_INC"
Valley Stream,CONTINENTAL_LIMOUSINE_LLC
Copenhagen,COPENHAGEN_CENTRAL_SCHOOL
Jackson Heights,COSMO_JA_CORP
Melville,CRESTWOOD_COUNTRY_DAY_SCHOOL
New York,CRISTO_REY_NY_HIGH_SCHOOL
Brooklyn,CROSSTOWN_TRANS_INC
Herkimer,"CRYSTAL_COACH_CHARTERS,_INC."
South Amboy,"CUSTOM_COACH_AND_LIMO,_LLC"
New York,DEAD_APPLE_TOURS_LLC
Montclair,DECAMP_BUS_LINES
Rhinebeck,DEFILE_TRANSPORTATION_INC.
Delhi,DELAWARE_ACADEMY_&_CENTRAL_SCH
Port Washington,DELL_TRANSPORTATION_CORP.
Port Washington,DELUX_LIMOUSINE_SERVICE_INC.
Brooklyn,DERECH_TRANSPORTATION_LLC
Albany,DOANE_STUART_SCHOOL
Endwell,DONSON_TRANSPORTATION_SERVICE
Middletown,DOOR_TO_DOOR_AMB_SERV_OF_NY_LLC
Bronx,DORCAL_EDENWALD
Yonkers,"DTS,INC.DBA_DOMINO_TRANSPORT_SERVIC"
Bedford Hills,DUVOR_TOV
W. Islip,DYNASTY_LIMOUSINES
Painted Post,EARL_A._TITUS
Flushing,EASTERN_BUS_SERVICE_INC
Flushing,EASTERN_SCHOOL_BUS_CORPORATION
Jamaica,ECLIPSE_TRANSPORTATION_CORPORATION
Williamsville,ELDERWOOD_TRANSPORTATIONCOMPANY_LLC
Hagaman,ELIZABETH_FEULNER
Ellicottville,ELLICOTTVILLE_CENTRAL_SCHOOL
Elmont,ELMONT_U.F.S.D.
Bayside,EMERALD_TRANSPORTATION
Troy,EMMA_WILLARD_SCHOOL
Melvilleale,"EMPIRE_STATE_MEDI-CAB,_INC."
East Chester,ENCHANTED_COACH_CORP.
Brooklyn,ESCORT_LIMO_INC
Kew Gardens,E_SHOLOM_INC
Staten Island,ESTHER_TRANSPORTATION_INC
Brooklyn,EVE_CONSOLIDATED_BUSINESS_ENT._INC.
Ithaca,EXPERIENCE!_THE_FINGER_LAKES_LLC
Queens Villiage,FABIAN_TRAVEL_AND_TOURS_INC
Glen Cove,FACILITY_TRANSPORT_SOLUITION_INC
Poughkeepsie,FAITH_ASSEMBLY_OF_GOD
Falconer,FALCONER_CENTRAL_SCHOOL
Brooklyn,FAST__HELP_AMBULETTE
Staten Island,FELLOWSHIP_BAPTIST_CHURCH
Hilton,FIRST_BIBLE_BAPTIST_NORTHSTAR
Plattsburgh,FIRST_TRANSIT_OF_PLATTSBURGH
Fishers Island,FISHERS_ISLAND_SCHOOL
Moira,FOBARE'S_AMBULETTE_SERVICE
Forest Hills,FOREST_HILLS_NURSERY_&_KINDER
Staten Island,FORWARD_AMBULETTE_INC.
Ogdensburg,FRARY_MEDICAL_TRANSPORT
Seneca Falls,F&T_MEDICAL_TRANSPORTATION
Flushing,FULL_GOSPEL_N.Y._CHURCH
South Massapequa,GALAXY_LUXURY_COACH_INC.
Newburgh,GALLAGHER_BUS_SERVICE_CORP.
So. Fallsburg,GERSHOWITZ_TRANSPORTATION_INC
Brooklyn,GIRLIES_AMBULETTE_SERVICE_INC
Brooklyn,GOLDEN_AGE_ADVENTURE_TRAVEL_CORP.
Corona,GOLDEN_AGE_COACH_EXPRESS_INC
Farmingdale,GOTHAM_GOLD_BUS_CORP
Maspeth,GRAND_AMBULETTE_SERVICE
Geneva,"GRAPEVINE_COUNTRY_TOURS,_INC."
Great Neck,GREAT_NECK_U.F.S.D.
Watertown,GUILFOYLE_AMBULANCE_SERVICE
Queens Village,GUYMACK_EXPRESS_INC
Hamilton,HAMILTON_CENTRAL_SCHOOL
Bohemia,HAMPTON_TRANSPORTATION_VENTURES_INC
Flushing,HANARO_NY_TOURS_INC
Jamestown,HERITAGE_HOUSE_CHILD_CARE_CENTER
Freeport,HIGH_HELLO_CHILD_DAY_CARE_CENTER
Highland Falls,HIGHLAND_FALLS_FT._MONTGOMERY_C.S.D
Baldwin,HIS_&_HERS_COACHWAYS_INC
New York,H.I.S.INTERNATIONAL_TOURS(NY)INC.
Hamburg,HOPEVALE_UNION_FREE_SCHOOL_DISTRICT
Rosedale,HUMMER_TRANSPORTATION
Inwood,HUNTER_AMBULETTE-AMBULANCE_INC
Hamburg,IMMACULATA_ACEDEMY
Flushing,IMMANUEL_GROUP_INC
Hewlett,INDEPENDENT_COACH_CORP
Brooklyn,INFINITE_TRAVEL_CORP
Brooklyn,INNER_FORCE_TOTS_INC.
Brooklyn,INTEGRITY_CARE_AMBULETTE
Spring Valley,JACOB_SURKIS
Jamaica,JAMZONE_VAN_SERVICE_INC
Watertown,JEFFERSON-LEWIS_BOCES
Jericho,JERICHO_PUBLIC_SCHOOLS
Brooklyn,J._HANUKOV_BUS_SERVICE
Portchester,J_&_J_TRANS_&_VAN_SERVICE_INC
Jamaica,J_&_J_VAN_SERVICE
Queens Village,KAREN'S_TRANSPORTION_CORP
Bayside,KATHERINE_TRANSPORTATION
Avon,KEMP'S_BUS_SALES_LLC
Monsey,KHAL_IMREI_CHAIM
Port Jefferson Sta,KINDER_CARE_LEARNING_CENTER
Bellport,KINGLY_COACH_INC.
Bronx,KINGSBRIDGE_INNOVATIVE_DESIGN_CS
Brooklyn,KRYSTALE_VAN_LINES
Baldwin,LAERN_&_PLAY_CENTER_INC
Brookhaven,LAIDLAW
Lansing,LANSING_CENTRAL_SCHOOL
Springfield Gardens,LAUREN_AMBULETTE_TRANSPORTATION
Freeport,LEGACY_LIMOUSINES_BY_M&J
Islandia,LEGEND_LUXURY_TRANSPORTATION_INC
Brooklyn,LEIF_ERICSON_DAY_SCHOOL
Astoria,LEMOSTOURS_INC
Rosedale,LESRAINE_TRANSIT
Amsterdam,"LIBERTY_ENTERPRISES,_INC."
Rochester,LIFETIME_ASSISTANCE_INC.
Falconer,LIGHTHOUSE_TRANSPORTATION_SERVICES
Rockville Center,LIN-WILL_TRANSPORTAION_INC
Cheektowaga,LITTLE_TREASURES_CHILD_CARE_HOME_IN
Long Beach,LONG_BEACH_PUBLIC_SCHOOLS
Bellmore,LONG_ISLAND_PARTY_BUS_INC
Holtsville,LONG_ISLAND_SHUTTLE_CORP
Coram,L&R_LIMO_BUS_INC
Flushing,L&W_EXPRESS_VAN_SERVICE_CORP
Brooklyn,MAJOR_AMBULETTE_CORP
New York,"MANHATTAN_ATHLETICS,_LLC"
Margaretville,MARGARETVILLE_CENTRAL_SCHOOL
Brooklyn,MARINA_AMBULETTE_SERVICES_INC
Massapequa,MASSAPEQUA_PUBLIC_SCHOOLS
Ballston Spa,MATTHEW_BUSES_INC
E. Syracuse,MATTHEWS_BUSES_INC.
Mayfield,MAYFIELD_CENTRAL_SCHOOL
Flushing,MAZAL_BUS_SERVICE_INC
Mechanicville,MECHANICVILLE_PUBLIC_SCHOOLS
Ronkonma,MEDICAL_EXPRESS_INC
Bronx,METRO_BUS_CORP.
Middletown,MIDDLETOWN_CITY_SCHOOL_DISTRIC
Brooklyn,MINI_BUS_SERVICE_CORP
Brooklyn,MIRRER_YESHIVA_CENTRAL_INSTITUTE
Shortsville,MITCHELL_RECORD
Burlington flats,4AM_ENTERPRISES_LLC
Brentwood,A-1_QUALITY_LIMO_SERVICE_LLC
Coram,AAA_FIRST_CHOICE_LIMOUSINE_SRVC_INC
Mt vernon,A_&_A_SERVICE
Jamaica,ABI_LIMOUSINE_INC.
Poughkeepsie,ABILITIES_FIRST_INC.
Poughkeepsie,"ABILITIES_FIRST,_INC"
Rochester,ABLE_MEDICAL_TRANSPORTATION
Staten island,"ABLE_TRANSPORTATION_EQUIPMENT,_INC."
Jamaica,ABRAHAM_TRANSPORTATION_SERVICE
Albany,ACADEMY_OF_THE_HOLY_NAMES
Middletown,ACCESS_SUPPORTS_FOR_LIVING
Belmont,ACCORD_PROJECT_HEAD_START
Massapequa,"ACE_LIMO_NY,_INC."
Ronkonkoma,ACME_BUS_CORP.
Briarcliff,ACME_BUS_CORP_(BRIARCLIFF)
Staten island,ACT_AMBULETTE_INC
Boonville,ADIRONDACK_CENTRAL_SCHOOL
Corona,ADRILLIZZ_TRANSPORTATION
Bronx,ADS_BUS_SERVICE_INC
Brooklyn,ADVANTAGE_TRANSPORTATION_INC.
Brooklyn,AEROEXPRESS_INC
West seneca,AFFORDABLE_LIMO_SERVICE.COM
Fresh meadow,AGEE_INTERNATIONAL_INC
Albany,ALBANY_EXPRESS
Jamaica,AL_KHOEL_BENEVOLENT_ASSOCIATIO
Islandia,ALL_CORPORATE_TRANSPORT_INC
Carlstadt,ALLIANCE_BUS_GROUP
Ardsley,ALLIANCE_LIMOUSINE
Brooklyn,ALLMEDICAL_AMBULETTE_INC.
Orlando,"ALL_TOUR_OF_AMERICA,_INC."
Brooklyn,ALL_TOWN_CENTRAL_TRANSPORTATION
Jamaica,AL-MAMOOR_SCHOOL
Brooklyn,ALMAZ_TRANSPORTATION_INC
East setauket,AMBOY_BUS_CO._INC.
Brooklyn,AMBULETTE_STAR_TRANS._INC.
Brooklyn,AMERICAN_BIOMEDICAL_AMBU_SERVICE
Vestal,AMERICAN_STAR_SHUTTLE
Syracuse,AMERICA'S_MEDICAL_TRANSPORT
Ny,AMERILIMO_LLC
New york,AM_USA_EXPRESS_INC.
Great neck,AMY_TRANSPORTATION_INC
Patchogue,ANGIE'S_LIMO_SERVICE_LLC
Brooklyn,ANNA_TRANSPORTATION_CORP
Springfield gardens,ANTNANNZ_TRANSPORTATION_SERVICES_IN
Brooklyn,A_&_N_TRANSIT_CORP.
Bayside,APITIUDE_ENTERPRISES
New york,APPLE_TRAVEL_LIMO_SERVICE_INC
West new york,AR-COL_TRAVEL_ARRANGEMENTS_INC
New york,"ARC_XVI_FORT_WASHINGTON,_INC"
Brooklyn,"ARJ_TRANSPORTATION,_INC"
Brooklyn,ASIANA_LIMOUSINE_INC
Brooklyn,ASIAN_EXPRESS_TRAVEL_INC
Scarsdale,ASSISTED_TRANSP.OF_LONG_ISLAND_INC.
Brooklyn,ASSOCIATED_BETHRIVKAH_SCH_HD_START
Asotria,ASTORIA_TRANSPORT_CORP.
Jamaica,ATLANTIC_QUEENS_BUS_CORP.
Bronx,AT_YOUR_SERVICE_TOURS_&_COACH_CORP
Brooklyn,AVA_AMBULETTE_CORP.
Brooklyn,BAIS_BROCHO
Brooklyn,BAIS_TZIPORAH
Tuckahoe,BANKS_LIMOUSINE_SERVICES_INC.
Maspeth,BARNES_TRANSPORTATION_CO_LLC
Spring valley,BAS_MIKROH_GIRLS_SCHOOL
Ronkonkoma,BAUMANN_&_SONS_BUSES_INC(BRIARCLIF)
Brooklyn,BAYIS_ESTER
Brooklyn,BAY_RIDGE_PREPATORY
Brooklyn,BEDERECH_TRANSPORTATION_LLC
Mt.kisco,BEDFORD_C.S.D.
Dix hills,BENJAMIN_&_SONS_LLC.
Bronx,BERHOLD_LIMOUSINE
Coram,BEST_LIMOS_SERVICE_&_WINE_TOURS
Forest hills,BETH_GAVRIEL_BURHARIAN_CONG.
Brooklyn,BEYOND_LIMITS_LIMOUSINE_SERVICES
Brooklyn,B_&_F_BUS_CO_INC.
Monsey,BIAS_TRANY_OF_MONSEY_(GIRLS_SCHOOL)
Rego park,BIG_BEN_TRANSPORTATION_INC
Albany,BIG_CITY_TRAILS_INCORPORTATED
West babylon,BIG_M_TOURS_DBA_MCMILLIAN_TOURS
Plainview,BIRD_BUS_CENTER_INC.
Spring valley,B.I.V._AMBULETTE
Kingston,BLACK_DIANOND_TRANS_INC.
Staten island,BLACK_TIE_LIMOUSINE
Warners,BLESSED_VIRGIN_MARY_ACADEMY
Indian lake,BLUELINE_INC
Syosset,BLUE_SKY_BUS_TOUR_INC
Brooklyn,BLUE_STAR_BUS_INC.
New york,BLUESTONE_LIMO_INC
Brooklyn,BNOS_CHAYA
Brooklyn,BOBMAR_TRANSPORTATION_INC.
Leroy,BOCES_GENESEE_VALLEY_(LEROY)
Watertown,BOCES_J.L.H.H.O
Verona,BOCES_MADISON_ONEIDA
Ithaca,BOCES_TOMPKINS_SENECA_TIOGA_CO
Brooklyn,BORO_CRESCENT_CORP
Brooklyn,BORO_WIDE_BUSES_INC.
Elizabeth,BOSTON_COACH_-_NEW_JERSEY_CORP
New york,BOSTON_DELUXE_INC
Bradford,BRADFORD_CENTRAL_SCHOOL_DISTRI
Brant lake,BRANT_LAKE_TAXI_&_TRANSPORT_SERVICE
Binghamton,BROOME_TIOGA_NYSARC-ACHIEVE
Brooklyn,BROTHERS_TRANSPORTATION_CORP
Amsterdam,BROWN_BUS_SERVICE_INC
Rochester,BROWNCROFT_DAY_CARE_CENTER
Valley stream,BROWNIN_TRANSPORTATION_INC
Clay,BROWNS_DOUBLE_XX_EXPRESS_LLC
Depew,BUFFALO_BUS_LINES_LLC
Scotia,BURNT_HILLS_BALLSTON_LAKE_CEN._SCH.
Baldwin,BUSESNVANS_CORP
Brooklyn,BUS_R_US_TRANSP
Brooklyn,"BUS_TRAVELERS_CONNECTION,_LLC"
Caledonia,CALEDONIA-MUMFORD_CENTRAL
Rochdale village,CALLAVAN_TRANSPORTATION
Queensbury,CAMP_FUN_SPOT
Mahopac,CAMP_KIWI_LLC
Depew,CANTALICIAN_CENTER
Long island city,CAPRICORN_LIMOUSINE_SERVICE_INC
Freeport,CARAOUSEL_OF_LEARNING_INC
Lake katrine,CASANOVA_CARRIAGE
Brooklyn,CASH_WORLD_TOURS_INC
Sinclairville,CASSADAGA_VALLEY_CENTRAL
Rego park,CATHAY_EXPRESS_TRANSPORTATION;_INC
Syracuse,CATHOLIC_CHARITIES_OF_THE_R.C.D._OF
Port jefferson,CATHOLIC_MANAGED_ARCHCARE
Cattaraugus,CATTARAUGUS_LITTLE_VALLEY_CS
St. albans,CAULEY_COACH_CORP.
Cazenovia,CAZENOVIA_CENTRAL_SCHOOL
Wayland,CBR_TRANSPORT_LLC
Flushing,C.C.B._SCHOOL_OF_FLUSHING
Albany,CENTER_TRANSPORTATION_SERVICES_INC.
Monsey,CENTRAL_UTA_OF_MONSEY
Jamestown,"CHAUTAUQUA_ADULT_DAY_CARE_CENTERS,"
Jamestown,"CHAUTAUQUA_COUNTY_CHAPTER_NYSARC,_I"
Mayville,CHAUTAUQUA_LAKE_CENTRAL_SCHOOL
Laurelton,"CHEESE_BUS,_INC."
Binghamton,CHENANGO_FORKS_CENTRAL_SCHOOL
Smithtown,CHILDREN_OF_AMERICA
Rochester,C._H._MEDICAL_TRANSPORT
Churchville,CHURCHVILLE-CHILI_CENTRAL
Cincinnatus,CINCINNATUS_CENTRAL_SCHOOL
New york,"CITI_COACH_NYC,_INC."
Flushing,CITI_TRAVEL_INC
Bronx,CITYSQUASH_INC
Watertown,CLARENCE_HENRY_COACH_LLC
Mt. kisco,C.L.C._TRANSPORTATION_INC.
Clyde,CLYDE-SAVANNAH_CEN._SCH.
Clymer,CLYMER_CENTRAL_SCHOOL
New york,COAST_2_COAST_TRANSPORTATION
Cobleskill,COBLESKILL_RICHMONDVILLE_C/S
New york,COMFORT_AMBULETTE_SERVICE_INC.
Long island city,COMMONWEALTH_WORLDWIDE_CHUFFERED_TR
Kenmore,COMMUNITY_SERV_FOR_THE_DEVELOP_DISA
Monsey,CONG._BAIS_MALKA_INC.
Monsey,CONG._BNEI_MELUCHIM_INC.
Spring valley,CONG._NOIAM_MGODIM
Brooklyn,CONGREGATION_CHASDEI_CHAYA
Brooklyn,COOL_RUNNINZ_INC.
Milford,COOPERSTOWN_HOP_ON_TOURS
Little neck,CORBETT_COACH_INC
Springfield gardens,COUNTY_EXPRESS_LLC
Buffalo,"COUNTY_OF_ERIE,_DBA_DEPARTMENT_OF_S"
New york,CP_LIMOUSINE_&_CONSULTING_SERVICES
Woodside,C_&_P_TRANSPORTATION
Flushing,CRISTAR_ENTERPRISE_CORP
Cuba,CUBA-RUSHFORD_CENTRAL_SCHOOL
Ithaca,CU_TRANSIT_INC.
Saratoga springs,CUTTING_EDGE_TAE_KWON_DO_INC.
Flushing,DANIEL_HN_R_INC
Bronx,DANIEL'S_I_INC
Lacona,D_&_A_TOURS
Staten island,DAVID_AUTO_INC.
Bronx,DAY_N_NITE_TOURS_AND_LIMOUSINE_SVC
Rochester,DAZZLE_SCHOOL_OF_VISUAL_&_PERFORMIN
Uniondale,D_&_D_DAY_CARE_INC.
Queens village,DEDICATED_TRANSPORTATION_INC
New york,DEEDS_TRANSIT_LLC
New york,DEERWOODS_TRAVEL_INC
Cheektowaga,"DEPAUL_ADULT_CARE_COMMUNITIES,_INC"
Brooklyn,DESHI_MANAGEMENT_INC
Port washington,DESIGNER_LIMOUSINE_INC
Red hook,"DEVEREUX_FOUNDATION,_DBA_THE_DEVERE"
Brooklyn,DEVILLE_BUS_CO_INC
Rockville center,"DIGNITY_TRANSPORT,_LLC"
Glendale,D_&_I_LUXURY_TRANSPORTATION_INC
Bronx,D&J_SERVICE_INC
White plains,D.L.C._LIMOUSINE_SERVICE_INC.
Rego park,D.N.S._TRANSPORTATION
Amityville,DOMINICAN_VILLAGE
Bayshore,"DON_BROWN_BUS_SALES,_LI,NYC"
"Roosevelt,",D&O_TRANSPORTATION_SERVICES_INC
Queensbury,DPC_LIMOUSINE_LLC
Queens village,DRIVEN_GLOBAL_LLC
Woodside,DURAMA_TOURS_INC.
New york,DWIGHT_SCHOOL
Brooklyn,D_&_W_TOUR_NY_INC
Brooklyn,EAGLE_TOURS_INC.
New york,EASTERN_COACH_INC
East greenbush,EAST_GREENBUSH_CENTRAL_SCHOOL
Buffalo,ECMC_LIFELINE_FOUNDATION
Norwalk,ECS_TRANSPORTATION_LLC
"Hollis,",EDEN'S_TRANSPORTATION_CORPORATION
Rochester,EDISON_TECHNICAL_&_OCCUPATIONAL_CEN
Edmeston,EDMESTON_CENTRAL_SCHOOL
Copiague,EDUCATIONAL_BUS_TRANSPORT_(HUDSON)
Brooklyn,EDUCATIONAL_INST._OHOLEI_TORAH
Springfield gardens,"EIHAB_HUMAN_SERVICES,_INC"
Eldred,ELDRED_CENTRAL_SCHOOL
Bronx,ELEGANTE_SERVICES_INC.
Flushing,EMA'S_AMBULETTE_INC.
Monsey,EMES_TRANSPORTATION_INC
Bronx,EMILY_TRANSPORT_LTD
Horseheads,EMPIRE_BUS_SALES_LLC
Fishkill,EM_STAR_AMBULANCE_INC.
Old bridge,"ENDEAVOR_TRANSPORTATION,_LLC"
Bronx,ENDICOTT-UNION_INC
Long island city,ENNEL_ENTERPRISES
Brooklyn,ERA_TOURS_INTERNATIONAL_INC
Buffalo,"ERIE_COUNTY_CHAPTER_NYSARC,_INC"
Ozone park,E&R_TOURS_INC
Bronx,EXCELLENT_LIMOUSINE_PLUS
Cortland,"EZ_TOURS-NY,_INC."
Syracuse,FAITH_HERITAGE_SCHOOL
Old bethpage,FAMILY_RESIDENCE_AND_ESSENTIAL_ENT
Bellport,FARAMOND_TRANSPORTATION
Manlius,FAYETTEVILLE-MANLIUS_C/S
Waterloo,FINGERLAKES_COACH
Geneva,FINGER_LAKES_FANTASTIC_TOURS
Brooklyn,FIRST_ADVANCED_CARE_INC/DBA_ADVANCE
Ithaca,"FIRST_CLASS_LIMOUSINE_OF_ITHACA,LLC"
Setauket,FIRST_STEPS_PRE-SCHOOL_CENTER_INC.
Shoreham,FIRST_STUDENT_(MIDDLE_ISLAND)
Getzville,FIRST_STUDENT_(MILLERSPORT)
Carmel,FIRST_TRANSIT_/_PUTNAM
East elmhurst,FLAVIA_TOURS_INC
Franklinville,FRANKLINVILLE_CENTRAL_SCHOOL
Long island city,FRIENDLY_RIDE
Bronx,FRIENDSHIP_AMBULETTE
Great neck,FRIENDSHIP_CIRCLE_OF_THE_NORTHSHORE
New york,FRIENDS_SEMINARY
Dundee,FRISKY_WINE_TOURS
Johnstown,FULTON_COUNTY_CHAPTER_OF_NYSARC.INC
Broklyn,F&Y_TRAVEL_INC
Hawthorne,GALAXY_TRANSPORTATION
Rochester,GATES-CHILI_CENTRAL_SCHOOL
Rochester,"GDM,INC.(DBA_ROCHESTER_SHUTTLE"
White plains,GENESIS_AMBULETTE_INC.
Geneva,GENEVA_AGRI-CHILD_CARE_PROGRAM
Geneva,GENEVA_NURSING_HOME
East elmshurst,GERMAN_TRANSPORTATION_INC.
Elmont,GIO'S_TRAVEL_INC.
Endicott,GIRLS_CLUB_OF_WESTERN_BROOME_INC.
Glen cove,GLEN_COVE_BOYS_AND_GIRLS_CLUB
Staten island,GLOBAL_AMBULETTE_INC.
Gloversville,GLOVERSVILLE_ENLARGED_SCHL_DISTRICT
Brooklyn,G_&_M_AMBULETTE_SERVICE_INC.
Brooklyn,GO_BUS_AMERICA_INC
New york,GO_BUS_LLC
Hartsdale,GO_GRUDA_LIMO_INC
Hicksville,GOLDCREST_LUXURY_TRANSPORTATION_INC
Elma,GORMAN_BUS_SALES
Elma,GORMAN_ENTERPRISES_(LOANER)
East islip,GOTHAM_COACH_SERVICES_INC
Fulton,GRACE_BIBLE_BAPTIST_CHURCH
Grand island,GRAND_ISLAND_LIMOUSINE
Flushing,GRAND_PARADISE_TRAVEL_SERVICE_INC
Cedarhurst,GREATER_FIVE_TOWNS_YM_&_YMHA
Johnstown,GREATER_JOHNSTOWN_SCHOOL_DISTR
Oswego,GREAT_LAKES_TROLLEY
East elmhurst,GREAT_RIDES_&_TOURS_INC
Greene,GREENE_CENTRAL_SCHOOL
New york,GROWING_HAPPY_GROUP_FAMILY_DAYCARE
Utica,GUARDIAN_PARATRANSIT
Cambria heights,HAITIAN-AMERICAN_UNITED_FOR_PROGRES
Clinton,"HALE'S_BUS_GARAGE,_LLC"
Monroe,HAMASPIK_OF_ORANGE_COUNTY
Hammond,HAMMOND_CENTRAL_SCHOOL
Hampton bays,HAMPTON_HOPPER_LLC
Hancock,HANCOCK_CENTRAL_SCHOOL
Brooklyn,HANOVER_PLACE_CHILD_CARE
Far rockaway,HAPPY_FACES_TRANSPORTATION_SERVICE
Corona,HAPPY_QQ_INC.
New york,HARLEM_EXPRESS_ENTERPRISES_LLC
Philadelphia,HARMONIOUS_GRAND_TOURS_CO_LTD
Mt. vernon,HARRIS_TRANSPORT
Brooklyn,HASC_TRANSPORTATION_CORP
Woodside,"HD_TRAVEL_&_TOURS,_INC."
Commack,HEAD_INJURY_ASSOCIATION
West haverstraw,HEAVENLY_AMBULETTE
Perry,"HENRY_L._HILL,_INC."
East rochester,HERITAGE_CHRISTIAN_SERVICES_INC
East elmhurst,HERNANDEZ_ENTERPRIZE
New hyde park,HERRICKS_UNION_FREE_SCHOOL_DISTRICT
Gloversville,HFM_REGIONAL_TRANSPORTATION_SERVICE
Hicksville,HICKSVILLE_PUBLIC_SCHOOL
Hinsdale,HINSDALE_CENTRAL_SCHOOL
Ronkonkoma,H_&_J_BUS_TOURS_INC.
Jamaica,H.L.M._TOURS_INC
Rochester,HOLY_CHILDHOOD
Flushing,HOLY_CROSS_H.S.
Hoosick,HOOSAC_SCHOOL
Flushing,HUAN-YU_EDUCATIONAL_CENTER_INC.
New windsor,HUDSON_RIVER_TOURS_INC.
Lynbrook,HUMAN_FIRST
Flushing,HYUNDAI_TOURS_&_TRAVEL_INC
Valatie,ICHABOD_CRANE_CENTRAL_SCHOOL
Hamburg,IMMACULATA_ACADEMY
Brooklyn,INDIVIDUAL_TRANSPORTATION_SVC.
Red hook,"IN_FLIGHT,_INC"
Brooklyn,INTERGRITY_TRANSPORTATION_INC
New rochelle,IONA_PREPARTAORY_SCHOOL
Cambria heights,ISLAND_RIDE_TRANSPORTATION_SVC._INC
Smithtown,IVY_LEAGUE_SCHOOL_INC.
Jackson heights,JACKSON_CHILD_DEVELOPMENT_CENTER
St. albins,JACQUELINE'S_BUS_TRANS._CORP
Brooklyn,JAH_LOVE_TRANSPORTATION
Jasper,JASPER-TROUPSBURG_CENTRAL_SCHO
Dewitt,J.C.C._OF_SYRACUSE
Springfield,JENDA_TRANSPORTATION
Far rockaway,JENIFER_TRANS_INC.
Staten island,JEWISH_COMMUNITY_CENTER_OF_SI
Staten island,JEWISH_COMMUNITY_CENTER_OF_S.I.
Bronx,JEWISH_HOME_&_HOSPITAL_-_BRONX_DIV.
New york,JEWISH_HOME_LIFECARE_TRANSPORTATION
Briarcliff manor,JHC_FOUNDATION_INC.
Sommers,JOHN_F._KENNEDY_CATHOLIC_H.S.
North creek,JOHNSBURG_CENTRAL_SCHOOL
Flushing,JOVIAL_WORLD_CORP
Hudson,J_PULVER_INC.
Farmingdale,JT_LIMOUSINE_INC
New york,J.V.M_TRANSPORTATION_INC
New hyde park,K_AND_G_SERVICES_INC
Monsey,KASER_BUS_SERVICE_INC
Montgomery,KELGAR_TRAVELS_LLC
Bronx,KESHES_INC_DBA_RAINBOW_AMBULETTE
Peekskill,KIDDIN_AROUND_TOWN_INC.
Buffalo,KIDS_CAPITAL_DAY_CARE_INC.
Pleasant valley,KIDS_IN_SPORTS_TRANSPORTATION_LLC
Buffalo,KIDSRUS_DAY_CARE_CENTER
Brooklyn,KIDS_TRANSIT_INC
Brooklyn,KING_EMANUEL_TOURS
Bronx,KIPS_BAY_BOY_&_GIRLS_CLUB
Monroe,KIRYAS_JOEL_SCHOOL_DISTRICT
North woodmere,KLAV_TRANSIT_LLC
Babylon,KRYSTAL_TOURS_AND_TRANS.LTD.
Wantaghn,L.A._EXPRESS_&_LIMOUSINE_LTD
Lafargeville,LAFARGEVILLE_CENTRAL_SCHOOL
Gouverneur,LAIDLAW_#624
Little neck,LEARNINGTREE_OF_DOUGLASTON_LLC
Baldwin,LEARN_&_PLAY_CENTER_INC
Bronx,LEESEL_TRANSPORTATION_CORP.
Brooklyn,LEFRA_TRANSPORTATION_INC
Deposit,LEONARD_BUS_SALES
Bergen,LEONARD_BUS_SALES__(BERGEN)
Garden city,LEONARD_BUS_SALES_(GARDEN_CITY)
Rome,LEONARD_BUS_SALES_(ROME)
East elmhurst,L_F_LIMOUSINE_SERVICE_CORP
Bohemia,"L.I._BREW_BUS,_LLC"
Oyster bay,LIFE_ENRICHMENT_CENTER_AT_OYSTER
Copiague,LIMO_&_BUS_&_TRUCK_FLEET_SERVICES
St. johnsville,LITTLE_FALLS_FONDA_BUS_CORP.
Wading river,LITTLE_FLOWER_CHILDRENS_&_FAM._SERV
Ozone park,LITTLE_LINDA_BUS_CO_INC
Brooklyn,LITTLE_MUNCHKINS
Schenectady,LITTLE_ONES_NURSERY_AND_DAY_CARE
Bronx,LITTLE_STARS_DAY_SCHOOL
Flushing,LITTLE_SWEET_ANGELS_NEW_YORK_LLC
Poughkeepsie,LIVINSAVED_TRANSPORTATION
Livonia,LIVONIA_CENTRAL_SCHOOL_DISTRIC
Brooklyn,L_&_L_BUS_TRANSPORTATION_INC
Rockaway park,L&M_LIMOUSINE_SERVICE_CORP.
Merrick,LONG_ISLAND_PARTY_LIMO_CORP.
New york,LONGTON_EXPRESS_INC
Syracuse,LORETTO_INDEPENDENT_LIVING_DBA_PACE
Islip terrace,MAIN_STREET_LIMOUSINE
Shortsville,MANCHESTER-SHORTSVILLE_CENTRAL
Batavia,MANCUSO_COUNTRY_AUTO_(LIMO)
Kew gardens,MANHATTAN_AMBULETTE
Brooklyn,MANNYS_BUS_SERVICE_INC
Glenmont,MARSH_BUS
Richmond hill,MARVELOUS_MANHATTAN_TOURS_NYC_INC
Ballston spa,MATTHEWS_(23433)LOANER
Liverpool,MATTHEWS_BUSES
East northport,MAYFAIR_LIMOUSINE_CORP.
Mcgraw,MCGRAW_CENTRAL_SCHOOL
Medina,MEDINA_CENTRAL_SCHOOL_DISTRICT
Staten island,MEIR_TRANSPORT_LLC
Dundee,MENNONITE_RIDE_LLC
Poughkeepsie,"MENTAL_HEALTH_ASS_INDUTCHESS_CO,INC"
Merrick,MERRICK_UFSD
Springfield garden,MERRILL_PARK_CIVIC_ASSOC
Rochester,METRO_TRANSPORTATION_INC
Middletown,MIDDLETOWN_TRANSIT_CORP.
Poughkeepsie,MID-HUDSON_LIMOUSINE_SERVICE_INC
East elmshurst,MILLENIUM_TRANSPORTATION
Plainview,MISS_SUES_NURSERY_SCHOOL
Astoria,"MOBILITY_SERVICES,_INC"
Schenectady,MOHAWK_AMBULANCE_SERVICE
White plains,MOHAWK_CAMP_CO._LLC
Albany,MOHOGANY_CONNECTIONS_SHUTTLE_SERVIC
Rochester,MONROE_MEDI-TRANS._INC.
Medford,MONTAUK_BUS_TRANSPORTATION_GROUPLLC
Mastic,MONTAUK_BUS_TRANSPORTATION_LLC
Hempstead,MONTEGO_TOURS_&_MOTOR_COACH_LLC
Amsterdam,MONTGOMERY_AREA_XPRESS_(MAX_BROWN)
Mount vernon,MOON_LIGHT_TRANSIT_CORP.
Brooklyn,MOSDOS_BNOS_FRIMA
Monsey,MOSDOS_KOLOSHITZ
Tallman,MOSDOS_SANZ_KLAUSENBURG_OF_MONSEY
Spring valley,MOSDOS_SANZ_OF_MONSEY
Brooklyn,MOSDOS_SATMAR_BP_INC
Buffalo,MOUNT_MERCY_ACADEMY
Bronx,MOUNT_ST._MICHAEL_ACADEMY
New york,MSB_&_ME_INC.
Far rockaway,MUNOZ_TRANSPORTATION_INC
Whitestone,MUTUAL_BUS_CORP.
New york,"MV_PUBLIC_TRANSPORTATION,_INC(NYC)"
Naples,NAPLES_CENTRAL_SCHOOL_DISTRICT
Bellmore,N._BELLMORE_SCHOOLS_UFSD
Bayshore,"NESCO_TRUCK_&_BUS_SALES,_INC."
Newark,NEWARK-ARCADIA_VOLUNTEER_AMBULANCE
Newburgh,NEWBURGH_BEACON_BUS_CO.
Brooklyn,NEW_ELEGANTE_CAR_SERVICE_INC.
Deer park,NEW_HOPE_INTERNATIONAL_MINISTRIES
Valley stream,NEW_HOPE_LUTHERN_CHURCH
New  lebanon,NEW_LEBANON_C.S.
Yonkers,NEW_YORK_AMBULETTE
Rochester,NEW_YORK_BUS_SALES_(ROCHESTER)
Flushing,"NEW_YORK_EAST_TRAVEL,_INC"
Bronx,NEW_YORK_INSTITUTE_FOR_SP
Maspeth,NEW_YORK_WHITEHALL_TRANSP_CO_INC
Huntington station,NJL_LIMO_OF_LI_INC.
New york,NO_1_BUS_TOUR_INC
West babylon,"NO_ONE_LEFT_OUT_SERVICE,INC."
North babylon,NORTH_BABYLON_UFSD
Lake placid,NORTH_COUNTRY_SCHOOL/CAMP_TREETOPS
Oneida,NORTHEAST_LIMOUSINE_SERVICE_INC.
Schenectady,NORTHEAST_PARENT_&_CHILD_SOCIETY
Northville,NORTHVILLE_CENTRAL_SCHOOL
Lake placid,NORTHWOOD_SCHOOL
Norwich,NORWICH_CITY_SCHOOL_DISTRICT
Norwood,NORWOOD_NORFOLK_CENTRAL_SCHOOL
Brooklyn,NY_LIMO_EXPRESS_INC.
Woodhaven,NY_LIMO_TRIP_CORP
Astoria,NY_SONIC_TOURS_AND_TRAVEL_RECEPTIVE
Brooklyn,OCEAN_AVE._TRANSPORTATION
W. hempstead,OLLIES_AIRPORT_SERVICE
Brooklyn,OMEGA_EXPRESS_LTD
Brooklyn,ONE_CONCEDPT_LLC
Auburn,ONONDAGA_COACH_CORP.
Boiceville,ONTEORA_CENTRAL_SCHOOL
Franklin square,ON_TIME_AMBULETTE_INC.
Elmhurst,ON_TIME_TRANSPORTATION
Brooklyn,ON_TOP_TOURS_NYC_INC
Binghamton,OPPORTUNITIES_FOR_BROOME-HEADS
New york,ORIENTAL_PEARL_TRAVEL_INC
Woodhaven,"ORION_TRANSPORTATION,_INC"
Brooklyn,ORZAN_TRANSPORTATION
Fulton,OSWEGO_COUNTY_AMBULANCE_&_HEAR
Cooperstown,OTSEGO_COUNTY_DEPT_OF_PLANNING
S. otselic,OTSELIC-VALLEY_CENTRAL_SCHOOL
Edgewater,OWL_TOURS_LLC
Oxford,OXFORD_ACADEMY_AND_CENTRAL_SCH
Holbrook,"PAL_LIMOUSINE,_INC."
Panama,PANAMA_CENTRAL_SCHOOL
Parishville,PARISHVILLE-HOPKINTON_CEN._SCH
Edmeston,PATHFINDER_VILLAGE_SCH/INC.
Corning,"PATHWAYS,_INC"
East elmont,PATRICIA'S_TRANSPORTATION_INC
Laurelton,PAULS_BUS_SERVICE
Pearl river,PEARL_RIVER_UNION_FREE_SCHOOL
Peekskill,PEEKSKILL_C.A.P
Elmhurst,PEGAZO_LIMO_CORP
Williamsville,PEOPLE
Montvale,PERFECT_LIMO_SERVICE_INC.
Brooklyn,PHILLIP_BUS_CORP
White plains,P._I._TAXI
Morganville,PLATINUM_COACH_LIMOUSINE_INC.
North tarrytown,POCANTICO_HILLS_CENTRAL_SCHOOL
Rosedale,POPE_TRANSPORTATION_SERVICES
Portchester,PORTCHESTER_HEAD_START
Poughkeepsie,POUGHKEEPSIE_DAY_SCHOOL
New rochelle,PRE_SCHOOL_LEARNING_CENTER_INC.
Elmont,PRESTIGE_CHOICE_TOURS_INC.
Staten island,PRIMARY_CARE_AMBULANCE_CORPORATION
Staten island,PRONTO_AVANTI_LIMOUSINE_LTD
Pulaski,PULASKI_ACADEMY_&_CENTRAL_SCHO
Scottville,"PULCHER_TRANSPORTATION,_INC"
Yorktown,PUTNAM_NORTHERN_WESTCHESTER
Sparrowbush,QUALITY_BUS_SERVICE_LLC_NEW_HAMPTON
Schenectady,RAINBOW_EXPRESS_CHILDREN'S_CENTER
Brooklyn,"RAYMOND_&_JEAN_BUS_SERVICE,LLC"
Woodside,RAZI_SCHOOL
Patterson,RC_TRANSPORTATION_SERVICES
Valley stream,RELIANCE_GROUP_INC.
Remsen,REMSEN_CENTRAL_SCHOOL
Nanuet,RENAISSANCE_TOURS_LLC
Troy,"RENSSELAER_CO._CHAPTER_NYSARC,_INC"
Utica,RESOURCE_CENTER_FOR_IND._LIVING_INC
Rye,RESURRECTION_GRAMMAR_SCHOOL_OF_RYE
Pleasantville,RICHARD_G_ROSENTHAL_JCC
Mount kisco,"RICHMOND_CHILDREN'S_CENTER,_INC.,_D"
Staten island,RICHMOND_COUNTY_AMBULANCE
Ripley,RIPLEY_CENTRAL_SCHOOL
Lewiston,"RIVERSHORE,_INC."
Jamaica,R&N_CAR_SERVICE_INC.
Brooklyn,ROBIN_TRANSPORTATION_LTD.
Congers,ROCKLAND_COUNTY_CHPTR_NYSARC_INC.
Rockville centre,ROCKVILLE_CENTRE_UFSD
East rockaway,ROLLING_RIVER_DAY_SCHOOL_CAMP_INC
Williston park,ROMPER_ROOM_NURSERY
Kerhonkson,RONDOUT_CHARTERS
Brooklyn,ROSAL_LIMOUSINES_LTD
Roscoe,ROSCOE_CETRAL_SCHOOL_DISTRICT
Cambria heights,ROSE_DEE_TRANSPORT
Mount sinai,ROSEWOOD_TRANSPORTATION_LLC
Corona,ROSY'S_SERVICES_CORP.
Far rockaway,ROWES_TRAVEL_&_TOURS_INC.
Harrison,RYE_AMBULETTE
Long island city,SAFETY_FIRST_EXPRESS_INC.
Syracuse,SALVATION_ARMY_SYRACUSE_AREA_S
Saratoga springs,SARATOGA_CENTRAL_CATHOLIC
Sauquoit,SAUQUOIT_VALLEY_CENTRAL_SCHOOL
Scarsdale,SCARSDALE_FORD
Schoharie,SCHOHARIE_CENTRAL_SCHOOL
Rye,SCHOOL_OF_THE_HOLY_CHILD
Schroon lake,SCHROON_LAKE_CENTRAL_SCHOOL
Schuylerville,SCHUYLERVILLE_CENTRAL_SCHOOL
Flushing,SERGI'S_PARTY_LIMOUSINE_CORP
New york,"SERVICES_FOR_THE_UNDERSERVED,_INC"
Huntington station,SHANNON_TRANSPORTATION
Canandaigua,SHEPARD_BROTHERS_INC
Sherburne,SHERBURNE_EARLVILLE_CENTRAL_SC
Staten island,SHIRLEY_XIAOLING_NING
East hills,SID_JACOBSON_JCC
Patterson,SILVER_SHIELD_LIMOUSINE_AND_TRANSPO
Great neck,SILVERSTEIN_HEBREW_ACADEMY
New york,SINERGIA_INC
Brooklyn,"S_&_J_TOURS_&_BUS,_INC."
Elmhurst,SKW_TOUR_INC
Brooklyn,SLK_TRANSPORTATION_LLC
Elmhurst,SMART_KIDS_TRANSPORTATION
Smithtown,SMITHTOWN_C.S.D.
Smithtown,SOLID_GOLD_LIMOUSINE
Vestal,SOUTHERN_TIER_MEDI-VAN
Endicott,SOUTHERN_TIER_STAGES_INC.
Jamestown,SOUTHWESTERN_CENTRAL_SCHOOL
Oswego,SOUTHWEST_OSWEGO_BAPTIST_CHURCH
Brooklyn,SOVEREIGN_TRANSPORTION_INC
Brooklyn,SPRING_AMBULETTE_INC
Staten island,STATEN_ISLAND_AID_FOR_RETARDED_CHIL
Jersey city,STATE_TRANSTOURS_CORP
Port jefferson,ST._CHARLES_HOSPITAL
Milton,STEPPING_STONES_EARLY_LERN_CTR_INC.
Brasher falls,ST_LAWRENCE_CENTRAL_SCHOOL
Canton,"ST._LAWRENCE_COUNTY_CHAPTER_NYSARC,"
St. regis falls,ST._REGIS_FALLS_CENTRAL_SCHOOL
Cheektowaga,STUDENT_TRANSPORTATION_OF_AMERICA
Getzville,SUMMIT_EDUCATIONAL_RESOURCES
Glendale,SUNNY_DAYS_TRANSPORTATION
Mastic beach,"SUNNY_LIMO,_INC."
Sunnyside,SUNNYSIDE_COMMUNITY_SERVICES
Greenport,SUNRISE_BUSSES_INC
Staten island,SWIFT_TRANSPORTATION
Syracuse,SYRACUSE_ACADEMY_OF_SCIENCE
Mt vernon,TAKE_GOOD_CARE_TRANSPORTATION
Monsey,TALMUD_TORAH_D'CHASIDEI_OF_MONSEY
Brooklyn,TALMUD_TORAH_IMERI_CHAIM
New york,"TERRY'S_BUS_TRANSPORTATION,_INC."
Elmsford,THE_GUIDING_STAR_TRANSPORTATION_LLC
Dobbs ferry,THE_MASTERS_SCHOOL
Brooklyn,TOA'S_TRAVEL_INC
Elmhurst,TOUR_&_TRAVEL_CONSULTANTS_CORP
St. james,TOWN_BUS_LLC_(SMITHTOWN)
Bayshore,TOWNE_BUS_CORP._(BAYSHORE)
Hempstead,TOWNE_BUS_CORP._(HEMPSTEAD)
Saint james,TOWNE_BUS_CORP_(SMITHTOWN)
Bayshore,TOWNE_BUS_LLC_(BAYSHORE)
North babylon,TOWN_OF_BABYLON
Rochester,TOWN_OF_CHILI
Spring valley,TRANS_COACH_LLC
Glens falls,TRANSIT_CONNECTION
Warwick,TRANSPORTATION_COLLABORATIVE_INC
Auburn,TRANSPORTATION_PROJECT
Rocky point,TRAVEL_BARREL_LLC
Middletown,TRI-STAR_TRANSPORT_CORP
Ronkonkoma,TRUCK_KING_INTERNATIONAL
Livonia,TURBO_TAXI
Freeport,TWIN_OAKS_COUNTRY_DAY_SCHOOL
Centereach,TWISTED_FIVE_INC
Brooklyn,TYMPF_CO_INC
Bellport,UNION_TOURS_EXPRESS_INC
Auburn,UNITED_CEREBRAL_PALSY_ASSOC._OF
Elmira,UNITED_CEREBRAL_PALSY_&_HCA_OF
Bronx,UNITED_ODD_FELLOW_AND_REBEKAH_HOME
Bayshore,UNITY_GREATER_HIGHWAY_CHURCH
Danbury,VALLEY_TOURS_LLC
New york,VAN_CLUB_INTERNATIONAL_INC.
Brooklyn,"VARSITY_BUS_CO.,_INC"
Astoria,VEGA_TRANSPORTATION_CO._INC.
Farmington,VICTOR_ASSOCIATION_OF_CULTURAL_&_PE
Brooklyn,VINNY'S_BUS_SERVICE
Jersey city,VISION_TOURS_CORP
New york,VOLATOUR_INC
Hudson falls,WASHINGTON_COUNTY_HEAD_START
Weedsport,WEEDSPORT_CENTRAL_SCHOOL
Elmsford,WESTCOP_OUTER_LIMITS_TRANS_SERV_INC
Westmoreland,WESTMORELAND_CENTRAL_SCHOOL
West valley,WEST_VALLEY_CENTRAL_SCHOOL
Holtsville,WE_TRANSPORT_INC._(HOLTSVILLE_2)
Plainview,WE_TRANSPORT_INC.(PLAINVIEW)
Saint james,WE_TRANSPORT_INC_(SMITHTOWN)
Bayshore,WE_TRANSPORT_L._P._(BAYSHORE)
St james,WE_TRANSPORT_L.P._(SMITHTOWN)
Scottsville,WHEATLAND-CHILI_CENTRAL_SCHOOL
Brooklyn,WHEELS_OF_FORTUNE_TRANSPORTATION
Whitesville,WHITESVILLE_CENTRAL_SCHOOL
Syracuse,WIL-CARE_TRANSPORTATION_SERVICES_IN
White plains,WINDWARD_SCHOOL
Brooklyn,WNY_LIMOUSINES_SERVICES_LLC
Syosset,WOODBURY_LIMOUSINE_SERVICE_INC.
Wyandanch,WYANDANCH_U.F.S.D.
Elmhurst,XYL_INT'L_CORP
Penn yan,YATES_CO_CHAPTER_NYSARC
Little neck,YUNTONG_TRANSPORTATION
Brooklyn,YURI_ZUR
New york,AGAPE_TRANSPORTATION_INC
Plattsburgh,AGING_AND_HANDICAP_TRANSPORTATION_I
Bronx,ALL_HALLOWS_HIGH_SCHOOL
Cortlandt mannor,ANNSUNCHO_CONSULTANTS/SUNRISE_AMB
Argyle,ARGYLE_CENTRAL_SCHOOL
New windsor,ASSISTED_TRANSPORTATION_CORP.
Astoria,ASTORIA_EXPRESS_TRANSIT
New milford,"AT_YOUR_SERVICE_ENTERPRISES,_LLC"
Brooklyn,A_&_W_TOURS_INC
Brooklyn,BETH_JACOB_OF_BORO_PARK
Syracuse,BIRNIE_BUS_TOURS_INC
Bloomfield,BLOOMFIELD_CENTRAL_SCHOOL
Brooklyn,BNOS_ZION_OF_BOBOV
Johnstown,BOCES_HAMILTON_FULTON_MONT
So. bronx,BRIGHTSIDE_ACADEMY
Brooklyn,BROOKLYN_JESUIT_PREP
W. hempstead,B_Z_TRANSPORTATION_INC
Camden,CAMDEN_CENTRAL_SCHOOL
Canaseraga,CANASERAGA_CENTRAL_SCHOOL
Tonawanda,CARDINAL_O'HARA_HIGH_SCHOOL
Brooklyn,CBT_PARA_TRANSIT_INC.
Mineola,CHAMINADE_HIGH_SCHOOL
Chazy,CHAZY_CENTRAL_RURAL_SCHOOL
Germantown,CRAMDEN_COACH_LLC
Baldwin,CRESCENT_SCHOOL
Delhi,DELAWARE_ACADEMY_CENTRAL_SCHOOL
Norwich,DELAWARE_CHENANGO_BOCES
White plains,D.L.C._LIMOUSIONE_SERVICE_INC.
New york,"DOREWAY,_LLC"
Northville,EDINBURG_COMMON_SCHOOL_DISTRICT
New york,E-EAGLE_TRAVEL_CORP
Amagansett,E._H._S._C.
Sayville,EXECUTIVE_ENTERPRISES_MANAGEMENT
White plains,FAMILY_YMCA_OF_CNT_AND_NOR._WESTCH.
Brooklyn,FAST_HELP_AMBULETTE_SERVICE_INC
Ocean beach,FIRE_ISLAND_UFSD
Buffalo,FIRST_TRANSIT_(OLEAN)
Ronkonkoma,FLEUR_DE_LIS_LIMOUSINE_INC
Florida,FLORIDA_UNION_FREE_SCHOOL_DIST
Frewsburg,FREWSBURG_CENTRAL_SCHOOL
Scotia,GATEWAY_TRANSPORTATION
New york,GENERAL_BUS_INC
Rochester,"GENERATIONS_CHILD_CARE,_INC"
Batavia,GENESEE_C0UNTY_CHAPTER_NYSARC_INC
Glens falls,GLENS_FALLS_CITY_SCHOOL
New york,GLOBAL_BUS_TOUR_INC
Yonkers,GLOBAL_TRANSPORTATION_INC.
Grand island,GRAND_ISLAND_CENTRAL_SCHOOLS
Dobbs ferry,GREENBURGH_NORTHCASTLE_UFSD
Greenville,GREENVILLE_CENTRAL_SCHOOL
Brooklyn,HEART_AMB._CORP.
Raleigh,HIGHLAND_EXPRESS_SHUTTLE_SERVICE
Honeoye,HONEOYE_CENTRAL_SCHOOL_DISTRIC
Ozone park,HUDSON_RIVER_LINE_INC
Rye,ISLAND_CAR_SERVICE
Rochester,JESUS_CHRIST_THE_CHIEF/KREATIVE_KID
Bayside,KATHERINE_BUS_TRANSPORTATION_CORP
Keeseville,"KEESEVILLE'S_KIDS'_COVE,_LLC"
Liverpool,KINDERCARE_LEARNING_CENTER
Kings park,KINGS_PARK_C.S.D.
Speculator,LAKE_PLEASANT_CENTRAL_SCHOOL
Leroy,LEROY_CENTRAL_SCHOOL_DISTRICT
Brooklyn,LIFE_TRANSMED_INC.
Niskayuna,LILY_TRAVEL_SERVICES_LLC
Arverne,LOLITA_TRANSPORTATION
Jamaica,LORMIC_TRANSPORTATION_INC
Brooklyn,LUXOR_LIMO_INC
Oneida,MADISON_CORTLAND_CHAPTER_NYSARC_INC
Mamroneck,MAMARONECK_UNION_FREE_SCHOOL_D
Plainview,MID_ISLAND_YJCC
Freeport,M_&_L_TRAVEL_TOURS_INC.
Bedford hills,M.T.C._CORPORATE_COACH_INC.
Pleasantville,MT._PLEASANT_COTTAGE_SCHOOL
East elmhurst,NATHALLE_TRANSPORTATION
Woodhaven,NEW_JP_LIMOUSINE_CORP
New york mills,NEW_YORK_MILLS_PUBLIC_SCHOOL
New york city,"NEW_YORK_PARTY_SHUTTLE,_LLC"
Brooklyn,NINA_TRANSPORTATION_SERVICE_INC
Glens falls,NORTH_COUNTRY_TRANSPORT
Bohemia,"NORTHEAST_AMBULETTE,_INC."
Brooklyn,NORTH_STAR_TOURS_LLC
Staten island,NOTRE_DAME_ACADEMY
Ridgewood,NOWSTAR_LIMOUSINES
Schenectady,NYS_STATE_FEDS_GREWS_PROC_ASSOC_INC
Oakfield,OAKFIELD-ALABAMA_CENTRAL_SCHOO
Middletown,OCCUPATIONS_INC.
Oneonta,ONEONTA_CITY_SCHOOL_DIST.
Freeport,"ON_POINT_AMBULETTE,_INC."
Brooklyn,"OTSAR_FAMILY_SERVICES,_INC."
Yonkers,PAISANO_TRANSPORTATION_INC
Fairport,PARK_PLACE_BUS_SERVICE
Corfu,PEMBROKE_CENTRAL_SCHOOL_DISTRI
Mahopac,PINE_GROVE_COUNTRY_DAY_SCHOOL_INC.
Brooklyn,PINNACLE_BUS_SERVICE_INC
Poland,POLAND_CENTRAL_SCHOOL
Portville,PORTVILLE_CENTRAL_SCHOOL
Port washington,PORT_WASHINGTON_U.F.S.D.
Brooklyn,PRINCIPAL_TRANSPORTATION_SERVICES
Randolph,RANDOLPH_ACADEMY
Freeport,RAPID_TRANSIT_SERVICE_INC
Brooklyn,RAYMOND_&_JEAN_BUS_SERVICE
Red creek,RED_CREEK_CENTRAL_SCHOOL
Westbury,RED_ROBIN_COUNTRY_DAY_SCHOOL
Bronx,REGENT_SCHOOL
Lake ronkonkoma,RICAR_MEDICAL_TRANSPORT_SERV_INC
Southampton,RIVERHEAD_TAXI_INC
Mt vernon,R&M_AMBULETTE_EXPRESS_INC.
Spring valley,ROCKLAND_AMBULETTE_SERVICE
Broklyn,ROMANTIQUE_TRANS_INC
